nationality,year,month,arrivals,annual_nationality_total,ad_year,month_num,date,monthly_share_pct
nan,,,,,,,2000-01-01,
Australia,2020,Jan,3008.0,6793.0,2020.0,1.0,2020-01-01,4.788283985991723
China,2020,Jan,13329.0,19257.0,2020.0,1.0,2020-01-01,21.21776504297994
Others,2020,Jan,12454.0,38908.0,2020.0,1.0,2020-01-01,19.824896529767592
France,2020,Jan,1106.0,4540.0,2020.0,1.0,2020-01-01,1.7605858007004138
Germany,2020,Jan,1405.0,5896.0,2020.0,1.0,2020-01-01,2.236548869786692
Bangladesh,2020,Jan,2285.0,4917.0,2020.0,1.0,2020-01-01,3.637376631645973
Italy,2020,Jan,655.0,1599.0,2020.0,1.0,2020-01-01,1.0426615727475326
Japan,2020,Jan,2003.0,5599.0,2020.0,1.0,2020-01-01,3.1884750079592488
USA,2020,Jan,6383.0,17767.0,2020.0,1.0,2020-01-01,10.16077682266794
Malaysia,2020,Jan,1179.0,3460.0,2020.0,1.0,2020-01-01,1.8767908309455585
Myanmar,2020,Jan,4447.0,20911.0,2020.0,1.0,2020-01-01,7.078955746577523
South Korea,2020,Jan,4559.0,6944.0,2020.0,1.0,2020-01-01,7.257242916268704
UK,2020,Jan,3585.0,11762.0,2020.0,1.0,2020-01-01,5.706781279847182
Spain,2020,Jan,570.0,1625.0,2020.0,1.0,2020-01-01,0.9073543457497613
Sri Lanka,2020,Jan,291.0,13328.0,2020.0,1.0,2020-01-01,0.46322827125119387
Canada,2020,Jan,965.0,3102.0,2020.0,1.0,2020-01-01,1.536134988857052
Netherlands,2020,Jan,591.0,2563.0,2020.0,1.0,2020-01-01,0.9407831900668576
Thailand,2020,Jan,4005.0,20778.0,2020.0,1.0,2020-01-01,6.375358166189112
Sri Lanka,2020,Feb,7369.0,13328.0,2020.0,2.0,2020-02-01,8.845913761644098
Australia,2020,Feb,2542.0,6793.0,2020.0,2.0,2020-02-01,3.0514741188898493
China,2020,Feb,3429.0,19257.0,2020.0,2.0,2020-02-01,4.116248919619706
Others,2020,Feb,16244.0,38908.0,2020.0,2.0,2020-02-01,19.499663881686356
France,2020,Feb,2037.0,4540.0,2020.0,2.0,2020-02-01,2.4452607317775854
Germany,2020,Feb,2659.0,5896.0,2020.0,2.0,2020-02-01,3.191923557092097
Bangladesh,2020,Feb,2209.0,4917.0,2020.0,2.0,2020-02-01,2.6517334101603764
Italy,2020,Feb,657.0,1599.0,2020.0,2.0,2020-02-01,0.7886776145203112
Thailand,2020,Feb,12947.0,20778.0,2020.0,2.0,2020-02-01,15.541870738499952
Japan,2020,Feb,2902.0,5599.0,2020.0,2.0,2020-02-01,3.483626236435225
USA,2020,Feb,6790.0,17767.0,2020.0,2.0,2020-02-01,8.150869105925286
Canada,2020,Feb,1237.0,3102.0,2020.0,2.0,2020-02-01,1.4849226927878612
Myanmar,2020,Feb,12119.0,20911.0,2020.0,2.0,2020-02-01,14.547920868145587
South Korea,2020,Feb,1956.0,6944.0,2020.0,2.0,2020-02-01,2.348026505329876
Malaysia,2020,Feb,1588.0,3460.0,2020.0,2.0,2020-02-01,1.906271007394603
Netherlands,2020,Feb,1119.0,2563.0,2020.0,2.0,2020-02-01,1.343272832036877
UK,2020,Feb,4845.0,11762.0,2020.0,2.0,2020-02-01,5.816047248631518
Spain,2020,Feb,655.0,1625.0,2020.0,2.0,2020-02-01,0.7862767694228369
Netherlands,2020,Mar,774.0,2563.0,2020.0,3.0,2020-03-01,2.1522718425004173
South Korea,2020,Mar,290.0,6944.0,2020.0,3.0,2020-03-01,0.8064067626939546
Thailand,2020,Mar,3760.0,20778.0,2020.0,3.0,2020-03-01,10.455480785273345
Italy,2020,Mar,250.0,1599.0,2020.0,3.0,2020-03-01,0.6951782437016851
Germany,2020,Mar,1692.0,5896.0,2020.0,3.0,2020-03-01,4.704966353373005
Spain,2020,Mar,353.0,1625.0,2020.0,3.0,2020-03-01,0.9815916801067794
Sri Lanka,2020,Mar,5556.0,13328.0,2020.0,3.0,2020-03-01,15.44964128802625
UK,2020,Mar,2257.0,11762.0,2020.0,3.0,2020-03-01,6.276069184138813
Japan,2020,Mar,557.0,5599.0,2020.0,3.0,2020-03-01,1.5488571269673543
USA,2020,Mar,2929.0,17767.0,2020.0,3.0,2020-03-01,8.144708303208944
France,2020,Mar,1196.0,4540.0,2020.0,3.0,2020-03-01,3.3257327178688616
Australia,2020,Mar,1079.0,6793.0,2020.0,3.0,2020-03-01,3.0003892998164727
Others,2020,Mar,7569.0,38908.0,2020.0,3.0,2020-03-01,21.047216506312218
Malaysia,2020,Mar,673.0,3460.0,2020.0,3.0,2020-03-01,1.8714198320449362
China,2020,Mar,1653.0,19257.0,2020.0,3.0,2020-03-01,4.596518547355542
Myanmar,2020,Mar,4320.0,20911.0,2020.0,3.0,2020-03-01,12.012680051165118
Canada,2020,Mar,680.0,3102.0,2020.0,3.0,2020-03-01,1.8908848228685837
Bangladesh,2020,Mar,374.0,4917.0,2020.0,3.0,2020-03-01,1.0399866525777208
Australia,2020,Apr,2.0,6793.0,2020.0,4.0,2020-04-01,16.666666666666664
Others,2020,Apr,5.0,38908.0,2020.0,4.0,2020-04-01,41.66666666666667
France,2020,Apr,0.0,4540.0,2020.0,4.0,2020-04-01,0.0
China,2020,Apr,0.0,19257.0,2020.0,4.0,2020-04-01,0.0
Sri Lanka,2020,Apr,0.0,13328.0,2020.0,4.0,2020-04-01,0.0
Canada,2020,Apr,0.0,3102.0,2020.0,4.0,2020-04-01,0.0
Germany,2020,Apr,0.0,5896.0,2020.0,4.0,2020-04-01,0.0
Spain,2020,Apr,0.0,1625.0,2020.0,4.0,2020-04-01,0.0
Thailand,2020,Apr,0.0,20778.0,2020.0,4.0,2020-04-01,0.0
USA,2020,Apr,0.0,17767.0,2020.0,4.0,2020-04-01,0.0
Italy,2020,Apr,0.0,1599.0,2020.0,4.0,2020-04-01,0.0
Myanmar,2020,Apr,0.0,20911.0,2020.0,4.0,2020-04-01,0.0
South Korea,2020,Apr,0.0,6944.0,2020.0,4.0,2020-04-01,0.0
Japan,2020,Apr,0.0,5599.0,2020.0,4.0,2020-04-01,0.0
UK,2020,Apr,5.0,11762.0,2020.0,4.0,2020-04-01,41.66666666666667
Netherlands,2020,Apr,0.0,2563.0,2020.0,4.0,2020-04-01,0.0
Bangladesh,2020,Apr,0.0,4917.0,2020.0,4.0,2020-04-01,0.0
Malaysia,2020,Apr,0.0,3460.0,2020.0,4.0,2020-04-01,0.0
Myanmar,2020,May,0.0,20911.0,2020.0,5.0,2020-05-01,0.0
Canada,2020,May,2.0,3102.0,2020.0,5.0,2020-05-01,8.333333333333332
Sri Lanka,2020,May,0.0,13328.0,2020.0,5.0,2020-05-01,0.0
Malaysia,2020,May,0.0,3460.0,2020.0,5.0,2020-05-01,0.0
China,2020,May,0.0,19257.0,2020.0,5.0,2020-05-01,0.0
Germany,2020,May,0.0,5896.0,2020.0,5.0,2020-05-01,0.0
Spain,2020,May,0.0,1625.0,2020.0,5.0,2020-05-01,0.0
Netherlands,2020,May,0.0,2563.0,2020.0,5.0,2020-05-01,0.0
UK,2020,May,7.0,11762.0,2020.0,5.0,2020-05-01,29.166666666666668
USA,2020,May,0.0,17767.0,2020.0,5.0,2020-05-01,0.0
France,2020,May,1.0,4540.0,2020.0,5.0,2020-05-01,4.166666666666666
Thailand,2020,May,0.0,20778.0,2020.0,5.0,2020-05-01,0.0
Italy,2020,May,0.0,1599.0,2020.0,5.0,2020-05-01,0.0
Others,2020,May,6.0,38908.0,2020.0,5.0,2020-05-01,25.0
South Korea,2020,May,0.0,6944.0,2020.0,5.0,2020-05-01,0.0
Japan,2020,May,2.0,5599.0,2020.0,5.0,2020-05-01,8.333333333333332
Bangladesh,2020,May,2.0,4917.0,2020.0,5.0,2020-05-01,8.333333333333332
Australia,2020,May,4.0,6793.0,2020.0,5.0,2020-05-01,16.666666666666664
Canada,2020,Jun,5.0,3102.0,2020.0,6.0,2020-06-01,6.578947368421052
Others,2020,Jun,33.0,38908.0,2020.0,6.0,2020-06-01,43.42105263157895
UK,2020,Jun,19.0,11762.0,2020.0,6.0,2020-06-01,25.0
Italy,2020,Jun,0.0,1599.0,2020.0,6.0,2020-06-01,0.0
Spain,2020,Jun,0.0,1625.0,2020.0,6.0,2020-06-01,0.0
South Korea,2020,Jun,0.0,6944.0,2020.0,6.0,2020-06-01,0.0
Malaysia,2020,Jun,0.0,3460.0,2020.0,6.0,2020-06-01,0.0
Germany,2020,Jun,2.0,5896.0,2020.0,6.0,2020-06-01,2.631578947368421
Japan,2020,Jun,0.0,5599.0,2020.0,6.0,2020-06-01,0.0
China,2020,Jun,0.0,19257.0,2020.0,6.0,2020-06-01,0.0
USA,2020,Jun,8.0,17767.0,2020.0,6.0,2020-06-01,10.526315789473683
Australia,2020,Jun,2.0,6793.0,2020.0,6.0,2020-06-01,2.631578947368421
Sri Lanka,2020,Jun,0.0,13328.0,2020.0,6.0,2020-06-01,0.0
Myanmar,2020,Jun,0.0,20911.0,2020.0,6.0,2020-06-01,0.0
Netherlands,2020,Jun,1.0,2563.0,2020.0,6.0,2020-06-01,1.3157894736842104
France,2020,Jun,4.0,4540.0,2020.0,6.0,2020-06-01,5.263157894736842
Thailand,2020,Jun,0.0,20778.0,2020.0,6.0,2020-06-01,0.0
Bangladesh,2020,Jun,2.0,4917.0,2020.0,6.0,2020-06-01,2.631578947368421
USA,2020,Jul,8.0,17767.0,2020.0,7.0,2020-07-01,4.705882352941177
UK,2020,Jul,19.0,11762.0,2020.0,7.0,2020-07-01,11.176470588235295
Bangladesh,2020,Jul,2.0,4917.0,2020.0,7.0,2020-07-01,1.1764705882352942
France,2020,Jul,4.0,4540.0,2020.0,7.0,2020-07-01,2.3529411764705883
Netherlands,2020,Jul,1.0,2563.0,2020.0,7.0,2020-07-01,0.5882352941176471
Sri Lanka,2020,Jul,0.0,13328.0,2020.0,7.0,2020-07-01,0.0
Spain,2020,Jul,0.0,1625.0,2020.0,7.0,2020-07-01,0.0
Germany,2020,Jul,2.0,5896.0,2020.0,7.0,2020-07-01,1.1764705882352942
Italy,2020,Jul,0.0,1599.0,2020.0,7.0,2020-07-01,0.0
Canada,2020,Jul,4.0,3102.0,2020.0,7.0,2020-07-01,2.3529411764705883
Others,2020,Jul,128.0,38908.0,2020.0,7.0,2020-07-01,75.29411764705883
Japan,2020,Jul,0.0,5599.0,2020.0,7.0,2020-07-01,0.0
Thailand,2020,Jul,0.0,20778.0,2020.0,7.0,2020-07-01,0.0
Myanmar,2020,Jul,0.0,20911.0,2020.0,7.0,2020-07-01,0.0
Australia,2020,Jul,2.0,6793.0,2020.0,7.0,2020-07-01,1.1764705882352942
Malaysia,2020,Jul,0.0,3460.0,2020.0,7.0,2020-07-01,0.0
South Korea,2020,Jul,0.0,6944.0,2020.0,7.0,2020-07-01,0.0
China,2020,Jul,0.0,19257.0,2020.0,7.0,2020-07-01,0.0
Bangladesh,2020,Aug,1.0,4917.0,2020.0,8.0,2020-08-01,0.4098360655737705
Malaysia,2020,Aug,0.0,3460.0,2020.0,8.0,2020-08-01,0.0
Germany,2020,Aug,10.0,5896.0,2020.0,8.0,2020-08-01,4.098360655737705
Sri Lanka,2020,Aug,1.0,13328.0,2020.0,8.0,2020-08-01,0.4098360655737705
Spain,2020,Aug,1.0,1625.0,2020.0,8.0,2020-08-01,0.4098360655737705
South Korea,2020,Aug,0.0,6944.0,2020.0,8.0,2020-08-01,0.0
Italy,2020,Aug,0.0,1599.0,2020.0,8.0,2020-08-01,0.0
Netherlands,2020,Aug,0.0,2563.0,2020.0,8.0,2020-08-01,0.0
China,2020,Aug,1.0,19257.0,2020.0,8.0,2020-08-01,0.4098360655737705
Australia,2020,Aug,11.0,6793.0,2020.0,8.0,2020-08-01,4.508196721311475
UK,2020,Aug,42.0,11762.0,2020.0,8.0,2020-08-01,17.21311475409836
France,2020,Aug,20.0,4540.0,2020.0,8.0,2020-08-01,8.19672131147541
Canada,2020,Aug,10.0,3102.0,2020.0,8.0,2020-08-01,4.098360655737705
Japan,2020,Aug,2.0,5599.0,2020.0,8.0,2020-08-01,0.819672131147541
Thailand,2020,Aug,0.0,20778.0,2020.0,8.0,2020-08-01,0.0
USA,2020,Aug,56.0,17767.0,2020.0,8.0,2020-08-01,22.950819672131146
Others,2020,Aug,89.0,38908.0,2020.0,8.0,2020-08-01,36.47540983606557
Myanmar,2020,Aug,0.0,20911.0,2020.0,8.0,2020-08-01,0.0
Sri Lanka,2020,Sep,1.0,13328.0,2020.0,9.0,2020-09-01,0.1841620626151013
France,2020,Sep,18.0,4540.0,2020.0,9.0,2020-09-01,3.314917127071823
Australia,2020,Sep,11.0,6793.0,2020.0,9.0,2020-09-01,2.0257826887661143
Bangladesh,2020,Sep,8.0,4917.0,2020.0,9.0,2020-09-01,1.4732965009208103
Netherlands,2020,Sep,4.0,2563.0,2020.0,9.0,2020-09-01,0.7366482504604052
Malaysia,2020,Sep,1.0,3460.0,2020.0,9.0,2020-09-01,0.1841620626151013
Germany,2020,Sep,9.0,5896.0,2020.0,9.0,2020-09-01,1.6574585635359116
Thailand,2020,Sep,0.0,20778.0,2020.0,9.0,2020-09-01,0.0
Spain,2020,Sep,8.0,1625.0,2020.0,9.0,2020-09-01,1.4732965009208103
South Korea,2020,Sep,10.0,6944.0,2020.0,9.0,2020-09-01,1.841620626151013
Italy,2020,Sep,1.0,1599.0,2020.0,9.0,2020-09-01,0.1841620626151013
China,2020,Sep,56.0,19257.0,2020.0,9.0,2020-09-01,10.313075506445673
UK,2020,Sep,79.0,11762.0,2020.0,9.0,2020-09-01,14.548802946593002
Canada,2020,Sep,9.0,3102.0,2020.0,9.0,2020-09-01,1.6574585635359116
Japan,2020,Sep,6.0,5599.0,2020.0,9.0,2020-09-01,1.1049723756906076
USA,2020,Sep,126.0,17767.0,2020.0,9.0,2020-09-01,23.204419889502763
Myanmar,2020,Sep,0.0,20911.0,2020.0,9.0,2020-09-01,0.0
Others,2020,Sep,196.0,38908.0,2020.0,9.0,2020-09-01,36.095764272559855
Netherlands,2020,Oct,29.0,2563.0,2020.0,10.0,2020-10-01,1.5119916579770596
China,2020,Oct,115.0,19257.0,2020.0,10.0,2020-10-01,5.995828988529719
Thailand,2020,Oct,29.0,20778.0,2020.0,10.0,2020-10-01,1.5119916579770596
Bangladesh,2020,Oct,5.0,4917.0,2020.0,10.0,2020-10-01,0.2606882168925964
France,2020,Oct,53.0,4540.0,2020.0,10.0,2020-10-01,2.7632950990615224
Sri Lanka,2020,Oct,50.0,13328.0,2020.0,10.0,2020-10-01,2.6068821689259645
Spain,2020,Oct,10.0,1625.0,2020.0,10.0,2020-10-01,0.5213764337851928
UK,2020,Oct,284.0,11762.0,2020.0,10.0,2020-10-01,14.80709071949948
USA,2020,Oct,399.0,17767.0,2020.0,10.0,2020-10-01,20.802919708029197
Japan,2020,Oct,49.0,5599.0,2020.0,10.0,2020-10-01,2.5547445255474455
South Korea,2020,Oct,15.0,6944.0,2020.0,10.0,2020-10-01,0.7820646506777894
Malaysia,2020,Oct,2.0,3460.0,2020.0,10.0,2020-10-01,0.10427528675703858
Myanmar,2020,Oct,1.0,20911.0,2020.0,10.0,2020-10-01,0.05213764337851929
Australia,2020,Oct,49.0,6793.0,2020.0,10.0,2020-10-01,2.5547445255474455
Italy,2020,Oct,13.0,1599.0,2020.0,10.0,2020-10-01,0.6777893639207508
Germany,2020,Oct,50.0,5896.0,2020.0,10.0,2020-10-01,2.6068821689259645
Canada,2020,Oct,46.0,3102.0,2020.0,10.0,2020-10-01,2.398331595411887
Others,2020,Oct,719.0,38908.0,2020.0,10.0,2020-10-01,37.48696558915537
Others,2020,Nov,603.0,38908.0,2020.0,11.0,2020-11-01,32.932823593664665
Bangladesh,2020,Nov,18.0,4917.0,2020.0,11.0,2020-11-01,0.9830693610049154
France,2020,Nov,33.0,4540.0,2020.0,11.0,2020-11-01,1.8022938285090113
Myanmar,2020,Nov,6.0,20911.0,2020.0,11.0,2020-11-01,0.3276897870016384
Malaysia,2020,Nov,9.0,3460.0,2020.0,11.0,2020-11-01,0.4915346805024577
Sri Lanka,2020,Nov,21.0,13328.0,2020.0,11.0,2020-11-01,1.1469142545057347
South Korea,2020,Nov,0.0,6944.0,2020.0,11.0,2020-11-01,0.0
Germany,2020,Nov,27.0,5896.0,2020.0,11.0,2020-11-01,1.4746040415073731
Australia,2020,Nov,34.0,6793.0,2020.0,11.0,2020-11-01,1.8569087930092845
Japan,2020,Nov,37.0,5599.0,2020.0,11.0,2020-11-01,2.020753686510104
Netherlands,2020,Nov,12.0,2563.0,2020.0,11.0,2020-11-01,0.6553795740032768
China,2020,Nov,209.0,19257.0,2020.0,11.0,2020-11-01,11.414527580557072
USA,2020,Nov,449.0,17767.0,2020.0,11.0,2020-11-01,24.52211906062261
Thailand,2020,Nov,1.0,20778.0,2020.0,11.0,2020-11-01,0.05461496450027307
Canada,2020,Nov,58.0,3102.0,2020.0,11.0,2020-11-01,3.1676679410158384
Italy,2020,Nov,8.0,1599.0,2020.0,11.0,2020-11-01,0.43691971600218454
UK,2020,Nov,295.0,11762.0,2020.0,11.0,2020-11-01,16.111414527580557
Spain,2020,Nov,11.0,1625.0,2020.0,11.0,2020-11-01,0.6007646095030038
Spain,2020,Dec,17.0,1625.0,2020.0,12.0,2020-12-01,0.5975395430579965
Australia,2020,Dec,49.0,6793.0,2020.0,12.0,2020-12-01,1.7223198594024607
Bangladesh,2020,Dec,11.0,4917.0,2020.0,12.0,2020-12-01,0.3866432337434095
France,2020,Dec,68.0,4540.0,2020.0,12.0,2020-12-01,2.390158172231986
Italy,2020,Dec,15.0,1599.0,2020.0,12.0,2020-12-01,0.5272407732864675
Canada,2020,Dec,86.0,3102.0,2020.0,12.0,2020-12-01,3.022847100175747
UK,2020,Dec,325.0,11762.0,2020.0,12.0,2020-12-01,11.423550087873462
South Korea,2020,Dec,114.0,6944.0,2020.0,12.0,2020-12-01,4.007029876977153
USA,2020,Dec,619.0,17767.0,2020.0,12.0,2020-12-01,21.757469244288224
Germany,2020,Dec,40.0,5896.0,2020.0,12.0,2020-12-01,1.4059753954305798
Malaysia,2020,Dec,8.0,3460.0,2020.0,12.0,2020-12-01,0.281195079086116
Japan,2020,Dec,41.0,5599.0,2020.0,12.0,2020-12-01,1.4411247803163445
Sri Lanka,2020,Dec,39.0,13328.0,2020.0,12.0,2020-12-01,1.3708260105448156
Others,2020,Dec,862.0,38908.0,2020.0,12.0,2020-12-01,30.298769771529
Thailand,2020,Dec,36.0,20778.0,2020.0,12.0,2020-12-01,1.265377855887522
Netherlands,2020,Dec,32.0,2563.0,2020.0,12.0,2020-12-01,1.124780316344464
Myanmar,2020,Dec,18.0,20911.0,2020.0,12.0,2020-12-01,0.632688927943761
China,2020,Dec,465.0,19257.0,2020.0,12.0,2020-12-01,16.34446397188049
Myanmar,2021,Jan,21.0,344.0,2021.0,1.0,2021-01-01,0.43343653250773995
Others,2021,Jan,1165.0,26013.0,2021.0,1.0,2021-01-01,24.045407636738904
UK,2021,Jan,136.0,8680.0,2021.0,1.0,2021-01-01,2.807017543859649
France,2021,Jan,107.0,2829.0,2021.0,1.0,2021-01-01,2.2084623323013415
Malaysia,2021,Jan,19.0,331.0,2021.0,1.0,2021-01-01,0.39215686274509803
Canada,2021,Jan,96.0,2438.0,2021.0,1.0,2021-01-01,1.9814241486068114
Bangladesh,2021,Jan,27.0,5044.0,2021.0,1.0,2021-01-01,0.5572755417956656
China,2021,Jan,1876.0,6198.0,2021.0,1.0,2021-01-01,38.720330237358105
Spain,2021,Jan,57.0,1151.0,2021.0,1.0,2021-01-01,1.1764705882352942
Sri Lanka,2021,Jan,31.0,463.0,2021.0,1.0,2021-01-01,0.6398348813209495
Japan,2021,Jan,42.0,784.0,2021.0,1.0,2021-01-01,0.8668730650154799
South Korea,2021,Jan,104.0,1263.0,2021.0,1.0,2021-01-01,2.146542827657379
Thailand,2021,Jan,36.0,576.0,2021.0,1.0,2021-01-01,0.7430340557275541
USA,2021,Jan,877.0,22854.0,2021.0,1.0,2021-01-01,18.10113519091847
Germany,2021,Jan,97.0,2929.0,2021.0,1.0,2021-01-01,2.002063983488132
Australia,2021,Jan,66.0,2477.0,2021.0,1.0,2021-01-01,1.3622291021671828
Netherlands,2021,Jan,59.0,1303.0,2021.0,1.0,2021-01-01,1.217750257997936
Italy,2021,Jan,29.0,613.0,2021.0,1.0,2021-01-01,0.5985552115583075
Germany,2021,Feb,126.0,2929.0,2021.0,2.0,2021-02-01,2.800622360524561
South Korea,2021,Feb,75.0,1263.0,2021.0,2.0,2021-02-01,1.6670371193598579
UK,2021,Feb,523.0,8680.0,2021.0,2.0,2021-02-01,11.624805512336074
Japan,2021,Feb,28.0,784.0,2021.0,2.0,2021-02-01,0.6223605245610135
China,2021,Feb,708.0,6198.0,2021.0,2.0,2021-02-01,15.736830406757058
Netherlands,2021,Feb,74.0,1303.0,2021.0,2.0,2021-02-01,1.644809957768393
Sri Lanka,2021,Feb,19.0,463.0,2021.0,2.0,2021-02-01,0.4223160702378307
Spain,2021,Feb,30.0,1151.0,2021.0,2.0,2021-02-01,0.6668148477439432
Australia,2021,Feb,37.0,2477.0,2021.0,2.0,2021-02-01,0.8224049788841965
Thailand,2021,Feb,30.0,576.0,2021.0,2.0,2021-02-01,0.6668148477439432
USA,2021,Feb,1115.0,22854.0,2021.0,2.0,2021-02-01,24.78328517448322
Others,2021,Feb,1281.0,26013.0,2021.0,2.0,2021-02-01,28.472993998666368
France,2021,Feb,90.0,2829.0,2021.0,2.0,2021-02-01,2.000444543231829
Malaysia,2021,Feb,21.0,331.0,2021.0,2.0,2021-02-01,0.46677039342076015
Myanmar,2021,Feb,38.0,344.0,2021.0,2.0,2021-02-01,0.8446321404756614
Bangladesh,2021,Feb,156.0,5044.0,2021.0,2.0,2021-02-01,3.467437208268504
Canada,2021,Feb,116.0,2438.0,2021.0,2.0,2021-02-01,2.578350744609913
Italy,2021,Feb,32.0,613.0,2021.0,2.0,2021-02-01,0.7112691709268726
Germany,2021,Mar,208.0,2929.0,2021.0,3.0,2021-03-01,2.736122073138648
South Korea,2021,Mar,115.0,1263.0,2021.0,3.0,2021-03-01,1.5127598000526177
UK,2021,Mar,664.0,8680.0,2021.0,3.0,2021-03-01,8.734543541173375
Japan,2021,Mar,74.0,784.0,2021.0,3.0,2021-03-01,0.9734280452512496
Canada,2021,Mar,127.0,2438.0,2021.0,3.0,2021-03-01,1.6706129965798473
Australia,2021,Mar,99.0,2477.0,2021.0,3.0,2021-03-01,1.3022888713496448
China,2021,Mar,1207.0,6198.0,2021.0,3.0,2021-03-01,15.877400684030519
Sri Lanka,2021,Mar,40.0,463.0,2021.0,3.0,2021-03-01,0.5261773217574323
Spain,2021,Mar,54.0,1151.0,2021.0,3.0,2021-03-01,0.7103393843725335
Myanmar,2021,Mar,101.0,344.0,2021.0,3.0,2021-03-01,1.3285977374375164
Others,2021,Mar,2246.0,26013.0,2021.0,3.0,2021-03-01,29.54485661667982
Bangladesh,2021,Mar,567.0,5044.0,2021.0,3.0,2021-03-01,7.458563535911603
Italy,2021,Mar,54.0,613.0,2021.0,3.0,2021-03-01,0.7103393843725335
Thailand,2021,Mar,46.0,576.0,2021.0,3.0,2021-03-01,0.6051039200210471
France,2021,Mar,169.0,2829.0,2021.0,3.0,2021-03-01,2.2230991844251515
Malaysia,2021,Mar,16.0,331.0,2021.0,3.0,2021-03-01,0.2104709287029729
Netherlands,2021,Mar,122.0,1303.0,2021.0,3.0,2021-03-01,1.6048408313601683
USA,2021,Mar,1693.0,22854.0,2021.0,3.0,2021-03-01,22.27045514338332
UK,2021,Apr,541.0,8680.0,2021.0,4.0,2021-04-01,5.659587822994037
Germany,2021,Apr,218.0,2929.0,2021.0,4.0,2021-04-01,2.28057328172403
South Korea,2021,Apr,83.0,1263.0,2021.0,4.0,2021-04-01,0.8682916623077728
Italy,2021,Apr,55.0,613.0,2021.0,4.0,2021-04-01,0.5753739930955121
Japan,2021,Apr,107.0,784.0,2021.0,4.0,2021-04-01,1.1193639502039963
France,2021,Apr,162.0,2829.0,2021.0,4.0,2021-04-01,1.6947379432995082
Australia,2021,Apr,97.0,2477.0,2021.0,4.0,2021-04-01,1.0147504969139032
Canada,2021,Apr,183.0,2438.0,2021.0,4.0,2021-04-01,1.9144261952087036
USA,2021,Apr,2733.0,22854.0,2021.0,4.0,2021-04-01,28.590856784182446
Malaysia,2021,Apr,44.0,331.0,2021.0,4.0,2021-04-01,0.46029919447640966
Thailand,2021,Apr,44.0,576.0,2021.0,4.0,2021-04-01,0.46029919447640966
Sri Lanka,2021,Apr,71.0,463.0,2021.0,4.0,2021-04-01,0.742755518359661
Myanmar,2021,Apr,58.0,344.0,2021.0,4.0,2021-04-01,0.60675802908254
Spain,2021,Apr,104.0,1151.0,2021.0,4.0,2021-04-01,1.0879799142169684
Netherlands,2021,Apr,139.0,1303.0,2021.0,4.0,2021-04-01,1.4541270007322942
Others,2021,Apr,3955.0,26013.0,2021.0,4.0,2021-04-01,41.37462077623182
China,2021,Apr,803.0,6198.0,2021.0,4.0,2021-04-01,8.400460299194476
Bangladesh,2021,Apr,162.0,5044.0,2021.0,4.0,2021-04-01,1.6947379432995082
USA,2021,May,225.0,22854.0,2021.0,5.0,2021-05-01,23.834745762711865
China,2021,May,78.0,6198.0,2021.0,5.0,2021-05-01,8.26271186440678
Thailand,2021,May,8.0,576.0,2021.0,5.0,2021-05-01,0.847457627118644
Germany,2021,May,13.0,2929.0,2021.0,5.0,2021-05-01,1.3771186440677965
South Korea,2021,May,12.0,1263.0,2021.0,5.0,2021-05-01,1.2711864406779663
Italy,2021,May,6.0,613.0,2021.0,5.0,2021-05-01,0.6355932203389831
Bangladesh,2021,May,6.0,5044.0,2021.0,5.0,2021-05-01,0.6355932203389831
Others,2021,May,453.0,26013.0,2021.0,5.0,2021-05-01,47.98728813559322
Myanmar,2021,May,6.0,344.0,2021.0,5.0,2021-05-01,0.6355932203389831
Malaysia,2021,May,3.0,331.0,2021.0,5.0,2021-05-01,0.31779661016949157
Netherlands,2021,May,7.0,1303.0,2021.0,5.0,2021-05-01,0.7415254237288136
France,2021,May,17.0,2829.0,2021.0,5.0,2021-05-01,1.8008474576271187
Australia,2021,May,9.0,2477.0,2021.0,5.0,2021-05-01,0.9533898305084746
UK,2021,May,51.0,8680.0,2021.0,5.0,2021-05-01,5.402542372881356
Sri Lanka,2021,May,1.0,463.0,2021.0,5.0,2021-05-01,0.1059322033898305
Canada,2021,May,24.0,2438.0,2021.0,5.0,2021-05-01,2.5423728813559325
Spain,2021,May,25.0,1151.0,2021.0,5.0,2021-05-01,2.6483050847457625
Japan,2021,May,0.0,784.0,2021.0,5.0,2021-05-01,0.0
Japan,2021,Jun,13.0,784.0,2021.0,6.0,2021-06-01,1.5776699029126213
Germany,2021,Jun,16.0,2929.0,2021.0,6.0,2021-06-01,1.9417475728155338
Italy,2021,Jun,6.0,613.0,2021.0,6.0,2021-06-01,0.7281553398058253
USA,2021,Jun,263.0,22854.0,2021.0,6.0,2021-06-01,31.917475728155342
Spain,2021,Jun,3.0,1151.0,2021.0,6.0,2021-06-01,0.3640776699029126
Canada,2021,Jun,14.0,2438.0,2021.0,6.0,2021-06-01,1.6990291262135921
Others,2021,Jun,334.0,26013.0,2021.0,6.0,2021-06-01,40.53398058252427
Thailand,2021,Jun,5.0,576.0,2021.0,6.0,2021-06-01,0.6067961165048543
Netherlands,2021,Jun,5.0,1303.0,2021.0,6.0,2021-06-01,0.6067961165048543
Malaysia,2021,Jun,5.0,331.0,2021.0,6.0,2021-06-01,0.6067961165048543
Sri Lanka,2021,Jun,3.0,463.0,2021.0,6.0,2021-06-01,0.3640776699029126
Bangladesh,2021,Jun,0.0,5044.0,2021.0,6.0,2021-06-01,0.0
France,2021,Jun,14.0,2829.0,2021.0,6.0,2021-06-01,1.6990291262135921
Australia,2021,Jun,11.0,2477.0,2021.0,6.0,2021-06-01,1.3349514563106795
Myanmar,2021,Jun,4.0,344.0,2021.0,6.0,2021-06-01,0.48543689320388345
UK,2021,Jun,58.0,8680.0,2021.0,6.0,2021-06-01,7.038834951456311
South Korea,2021,Jun,32.0,1263.0,2021.0,6.0,2021-06-01,3.8834951456310676
China,2021,Jun,38.0,6198.0,2021.0,6.0,2021-06-01,4.611650485436893
Japan,2021,Jul,6.0,784.0,2021.0,7.0,2021-07-01,0.3019627579265224
Netherlands,2021,Jul,29.0,1303.0,2021.0,7.0,2021-07-01,1.4594866633115249
South Korea,2021,Jul,58.0,1263.0,2021.0,7.0,2021-07-01,2.9189733266230498
Malaysia,2021,Jul,5.0,331.0,2021.0,7.0,2021-07-01,0.25163563160543534
Sri Lanka,2021,Jul,13.0,463.0,2021.0,7.0,2021-07-01,0.6542526421741319
USA,2021,Jul,816.0,22854.0,2021.0,7.0,2021-07-01,41.06693507800704
Bangladesh,2021,Jul,8.0,5044.0,2021.0,7.0,2021-07-01,0.40261701056869653
Spain,2021,Jul,13.0,1151.0,2021.0,7.0,2021-07-01,0.6542526421741319
Germany,2021,Jul,31.0,2929.0,2021.0,7.0,2021-07-01,1.560140915953699
Thailand,2021,Jul,6.0,576.0,2021.0,7.0,2021-07-01,0.3019627579265224
Myanmar,2021,Jul,1.0,344.0,2021.0,7.0,2021-07-01,0.050327126321087066
UK,2021,Jul,184.0,8680.0,2021.0,7.0,2021-07-01,9.260191243080019
Others,2021,Jul,586.0,26013.0,2021.0,7.0,2021-07-01,29.491696024157022
Australia,2021,Jul,52.0,2477.0,2021.0,7.0,2021-07-01,2.6170105686965277
France,2021,Jul,41.0,2829.0,2021.0,7.0,2021-07-01,2.06341217916457
China,2021,Jul,50.0,6198.0,2021.0,7.0,2021-07-01,2.5163563160543534
Italy,2021,Jul,9.0,613.0,2021.0,7.0,2021-07-01,0.45294413688978363
Canada,2021,Jul,79.0,2438.0,2021.0,7.0,2021-07-01,3.9758429793658783
France,2021,Aug,128.0,2829.0,2021.0,8.0,2021-08-01,3.1196685352181333
USA,2021,Aug,1237.0,22854.0,2021.0,8.0,2021-08-01,30.148671703631493
South Korea,2021,Aug,64.0,1263.0,2021.0,8.0,2021-08-01,1.5598342676090666
Malaysia,2021,Aug,8.0,331.0,2021.0,8.0,2021-08-01,0.19497928345113333
Others,2021,Aug,1390.0,26013.0,2021.0,8.0,2021-08-01,33.87765049963441
Italy,2021,Aug,33.0,613.0,2021.0,8.0,2021-08-01,0.8042895442359249
Bangladesh,2021,Aug,31.0,5044.0,2021.0,8.0,2021-08-01,0.7555447233731416
Netherlands,2021,Aug,69.0,1303.0,2021.0,8.0,2021-08-01,1.681696319766025
Myanmar,2021,Aug,8.0,344.0,2021.0,8.0,2021-08-01,0.19497928345113333
Thailand,2021,Aug,52.0,576.0,2021.0,8.0,2021-08-01,1.2673653424323665
Sri Lanka,2021,Aug,40.0,463.0,2021.0,8.0,2021-08-01,0.9748964172556666
Australia,2021,Aug,64.0,2477.0,2021.0,8.0,2021-08-01,1.5598342676090666
Germany,2021,Aug,81.0,2929.0,2021.0,8.0,2021-08-01,1.9741652449427247
Canada,2021,Aug,145.0,2438.0,2021.0,8.0,2021-08-01,3.5339995125517913
UK,2021,Aug,416.0,8680.0,2021.0,8.0,2021-08-01,10.138922739458932
Spain,2021,Aug,57.0,1151.0,2021.0,8.0,2021-08-01,1.389227394589325
China,2021,Aug,256.0,6198.0,2021.0,8.0,2021-08-01,6.2393370704362665
Japan,2021,Aug,24.0,784.0,2021.0,8.0,2021-08-01,0.5849378503534
Thailand,2021,Sep,61.0,576.0,2021.0,9.0,2021-09-01,0.9568627450980391
Spain,2021,Sep,73.0,1151.0,2021.0,9.0,2021-09-01,1.1450980392156862
Myanmar,2021,Sep,22.0,344.0,2021.0,9.0,2021-09-01,0.34509803921568627
Italy,2021,Sep,68.0,613.0,2021.0,9.0,2021-09-01,1.0666666666666667
France,2021,Sep,235.0,2829.0,2021.0,9.0,2021-09-01,3.686274509803922
Malaysia,2021,Sep,32.0,331.0,2021.0,9.0,2021-09-01,0.5019607843137255
Japan,2021,Sep,98.0,784.0,2021.0,9.0,2021-09-01,1.5372549019607842
Sri Lanka,2021,Sep,39.0,463.0,2021.0,9.0,2021-09-01,0.611764705882353
UK,2021,Sep,438.0,8680.0,2021.0,9.0,2021-09-01,6.870588235294117
Germany,2021,Sep,225.0,2929.0,2021.0,9.0,2021-09-01,3.5294117647058822
Bangladesh,2021,Sep,62.0,5044.0,2021.0,9.0,2021-09-01,0.9725490196078431
Australia,2021,Sep,77.0,2477.0,2021.0,9.0,2021-09-01,1.207843137254902
South Korea,2021,Sep,121.0,1263.0,2021.0,9.0,2021-09-01,1.8980392156862744
Netherlands,2021,Sep,120.0,1303.0,2021.0,9.0,2021-09-01,1.8823529411764703
Canada,2021,Sep,261.0,2438.0,2021.0,9.0,2021-09-01,4.094117647058824
USA,2021,Sep,1848.0,22854.0,2021.0,9.0,2021-09-01,28.988235294117647
Others,2021,Sep,2362.0,26013.0,2021.0,9.0,2021-09-01,37.05098039215686
China,2021,Sep,233.0,6198.0,2021.0,9.0,2021-09-01,3.654901960784314
Japan,2021,Oct,94.0,784.0,2021.0,10.0,2021-10-01,0.6438797177888896
Malaysia,2021,Oct,35.0,331.0,2021.0,10.0,2021-10-01,0.23974244811288442
UK,2021,Oct,1382.0,8680.0,2021.0,10.0,2021-10-01,9.466401808343038
Others,2021,Oct,4403.0,26013.0,2021.0,10.0,2021-10-01,30.159599972600866
South Korea,2021,Oct,196.0,1263.0,2021.0,10.0,2021-10-01,1.3425577094321528
Myanmar,2021,Oct,13.0,344.0,2021.0,10.0,2021-10-01,0.08904719501335707
Thailand,2021,Oct,90.0,576.0,2021.0,10.0,2021-10-01,0.6164805808617028
USA,2021,Oct,4721.0,22854.0,2021.0,10.0,2021-10-01,32.337831358312215
Germany,2021,Oct,790.0,2929.0,2021.0,10.0,2021-10-01,5.4113295431193915
Netherlands,2021,Oct,251.0,1303.0,2021.0,10.0,2021-10-01,1.7192958421809714
China,2021,Oct,308.0,6198.0,2021.0,10.0,2021-10-01,2.109733543393383
Italy,2021,Oct,98.0,613.0,2021.0,10.0,2021-10-01,0.6712788547160764
Sri Lanka,2021,Oct,58.0,463.0,2021.0,10.0,2021-10-01,0.3972874854442085
Bangladesh,2021,Oct,481.0,5044.0,2021.0,10.0,2021-10-01,3.2947462154942118
France,2021,Oct,739.0,2829.0,2021.0,10.0,2021-10-01,5.06199054729776
Spain,2021,Oct,238.0,1151.0,2021.0,10.0,2021-10-01,1.630248647167614
Canada,2021,Oct,563.0,2438.0,2021.0,10.0,2021-10-01,3.8564285225015413
Australia,2021,Oct,139.0,2477.0,2021.0,10.0,2021-10-01,0.9521200082197411
Canada,2021,Nov,479.0,2438.0,2021.0,11.0,2021-11-01,3.04804327076042
Thailand,2021,Nov,74.0,576.0,2021.0,11.0,2021-11-01,0.47088768692332167
USA,2021,Nov,3785.0,22854.0,2021.0,11.0,2021-11-01,24.085268851415844
South Korea,2021,Nov,229.0,1263.0,2021.0,11.0,2021-11-01,1.457206490614063
Malaysia,2021,Nov,55.0,331.0,2021.0,11.0,2021-11-01,0.34998409163219857
Others,2021,Nov,4278.0,26013.0,2021.0,11.0,2021-11-01,27.22239898186446
Myanmar,2021,Nov,27.0,344.0,2021.0,11.0,2021-11-01,0.17181037225580656
Sri Lanka,2021,Nov,66.0,463.0,2021.0,11.0,2021-11-01,0.41998090995863824
Japan,2021,Nov,159.0,784.0,2021.0,11.0,2021-11-01,1.0117721921730831
Spain,2021,Nov,262.0,1151.0,2021.0,11.0,2021-11-01,1.667196945593382
Germany,2021,Nov,725.0,2929.0,2021.0,11.0,2021-11-01,4.613426662424435
UK,2021,Nov,2026.0,8680.0,2021.0,11.0,2021-11-01,12.892141266306076
China,2021,Nov,363.0,6198.0,2021.0,11.0,2021-11-01,2.30989500477251
Australia,2021,Nov,615.0,2477.0,2021.0,11.0,2021-11-01,3.913458479160038
France,2021,Nov,808.0,2829.0,2021.0,11.0,2021-11-01,5.141584473433026
Italy,2021,Nov,142.0,613.0,2021.0,11.0,2021-11-01,0.9035952911231308
Netherlands,2021,Nov,240.0,1303.0,2021.0,11.0,2021-11-01,1.5272033089405028
Bangladesh,2021,Nov,1382.0,5044.0,2021.0,11.0,2021-11-01,8.794145720649063
Germany,2021,Dec,399.0,2929.0,2021.0,12.0,2021-12-01,2.6184538653366585
Japan,2021,Dec,139.0,784.0,2021.0,12.0,2021-12-01,0.9121932012075076
Canada,2021,Dec,351.0,2438.0,2021.0,12.0,2021-12-01,2.303451896574354
Thailand,2021,Dec,124.0,576.0,2021.0,12.0,2021-12-01,0.8137550859692873
Spain,2021,Dec,235.0,1151.0,2021.0,12.0,2021-12-01,1.5421971387321172
France,2021,Dec,319.0,2829.0,2021.0,12.0,2021-12-01,2.0934505840661504
Others,2021,Dec,3560.0,26013.0,2021.0,12.0,2021-12-01,23.362646016537603
Sri Lanka,2021,Dec,82.0,463.0,2021.0,12.0,2021-12-01,0.5381283633022707
China,2021,Dec,278.0,6198.0,2021.0,12.0,2021-12-01,1.8243864024150152
Italy,2021,Dec,81.0,613.0,2021.0,12.0,2021-12-01,0.5315658222863893
USA,2021,Dec,3541.0,22854.0,2021.0,12.0,2021-12-01,23.237957737235856
UK,2021,Dec,2261.0,8680.0,2021.0,12.0,2021-12-01,14.83790523690773
Australia,2021,Dec,1211.0,2477.0,2021.0,12.0,2021-12-01,7.947237170232315
Netherlands,2021,Dec,188.0,1303.0,2021.0,12.0,2021-12-01,1.2337577109856936
Bangladesh,2021,Dec,2162.0,5044.0,2021.0,12.0,2021-12-01,14.188213676335476
Malaysia,2021,Dec,88.0,331.0,2021.0,12.0,2021-12-01,0.5775036093975587
South Korea,2021,Dec,174.0,1263.0,2021.0,12.0,2021-12-01,1.1418821367633547
Myanmar,2021,Dec,45.0,344.0,2021.0,12.0,2021-12-01,0.2953143457146607
Netherlands,2022,Jan,142.0,7515.0,2022.0,1.0,2022-01-01,1.0872894333843797
Sri Lanka,2022,Jan,54.0,4606.0,2022.0,1.0,2022-01-01,0.41347626339969373
Myanmar,2022,Jan,39.0,2427.0,2022.0,1.0,2022-01-01,0.2986217457886677
Canada,2022,Jan,361.0,9755.0,2022.0,1.0,2022-01-01,2.76416539050536
Malaysia,2022,Jan,106.0,9569.0,2022.0,1.0,2022-01-01,0.8116385911179173
Japan,2022,Jan,130.0,5714.0,2022.0,1.0,2022-01-01,0.9954058192955589
UK,2022,Jan,1824.0,45094.0,2022.0,1.0,2022-01-01,13.966309341500766
Spain,2022,Jan,151.0,8349.0,2022.0,1.0,2022-01-01,1.1562021439509955
France,2022,Jan,283.0,16933.0,2022.0,1.0,2022-01-01,2.1669218989280243
South Korea,2022,Jan,209.0,8240.0,2022.0,1.0,2022-01-01,1.6003062787136295
Germany,2022,Jan,364.0,17742.0,2022.0,1.0,2022-01-01,2.787136294027565
Australia,2022,Jan,1213.0,26894.0,2022.0,1.0,2022-01-01,9.287901990811639
Thailand,2022,Jan,121.0,9935.0,2022.0,1.0,2022-01-01,0.9264931087289433
Italy,2022,Jan,66.0,6388.0,2022.0,1.0,2022-01-01,0.5053598774885145
USA,2022,Jan,3259.0,77083.0,2022.0,1.0,2022-01-01,24.95405819295559
Others,2022,Jan,3182.0,114309.0,2022.0,1.0,2022-01-01,24.36447166921899
Bangladesh,2022,Jan,1236.0,25383.0,2022.0,1.0,2022-01-01,9.464012251148546
China,2022,Jan,320.0,9599.0,2022.0,1.0,2022-01-01,2.4502297090352223
South Korea,2022,Feb,163.0,8240.0,2022.0,2.0,2022-02-01,1.1776605736579726
Netherlands,2022,Feb,253.0,7515.0,2022.0,2.0,2022-02-01,1.8279026081930498
Sri Lanka,2022,Feb,74.0,4606.0,2022.0,2.0,2022-02-01,0.53464345061773
China,2022,Feb,206.0,9599.0,2022.0,2.0,2022-02-01,1.4883317679358428
France,2022,Feb,537.0,16933.0,2022.0,2.0,2022-02-01,3.8797774727259595
UK,2022,Feb,2218.0,45094.0,2022.0,2.0,2022-02-01,16.02485369554223
Myanmar,2022,Feb,27.0,2427.0,2022.0,2.0,2022-02-01,0.1950726103605231
Italy,2022,Feb,72.0,6388.0,2022.0,2.0,2022-02-01,0.5201936276280615
Australia,2022,Feb,1053.0,26894.0,2022.0,2.0,2022-02-01,7.6078318040604
Bangladesh,2022,Feb,888.0,25383.0,2022.0,2.0,2022-02-01,6.41572140741276
USA,2022,Feb,3206.0,77083.0,2022.0,2.0,2022-02-01,23.16306625243841
Spain,2022,Feb,183.0,8349.0,2022.0,2.0,2022-02-01,1.3221588035546565
Malaysia,2022,Feb,117.0,9569.0,2022.0,2.0,2022-02-01,0.8453146448956
Germany,2022,Feb,645.0,17742.0,2022.0,2.0,2022-02-01,4.660067914168051
Japan,2022,Feb,85.0,5714.0,2022.0,2.0,2022-02-01,0.614117477060906
Others,2022,Feb,3503.0,114309.0,2022.0,2.0,2022-02-01,25.30886496640416
Thailand,2022,Feb,191.0,9935.0,2022.0,2.0,2022-02-01,1.37995809551333
Canada,2022,Feb,420.0,9755.0,2022.0,2.0,2022-02-01,3.034462827830359
China,2022,Mar,434.0,9599.0,2022.0,3.0,2022-03-01,1.600413009808983
France,2022,Mar,1638.0,16933.0,2022.0,3.0,2022-03-01,6.0402684563758395
Australia,2022,Mar,1450.0,26894.0,2022.0,3.0,2022-03-01,5.347001991297294
UK,2022,Mar,4033.0,45094.0,2022.0,3.0,2022-03-01,14.872040710966886
Japan,2022,Mar,190.0,5714.0,2022.0,3.0,2022-03-01,0.7006416402389557
Myanmar,2022,Mar,29.0,2427.0,2022.0,3.0,2022-03-01,0.10694003982594587
Thailand,2022,Mar,274.0,9935.0,2022.0,3.0,2022-03-01,1.0103989969761782
South Korea,2022,Mar,247.0,8240.0,2022.0,3.0,2022-03-01,0.9108341323106425
Germany,2022,Mar,1826.0,17742.0,2022.0,3.0,2022-03-01,6.7335349214543845
Sri Lanka,2022,Mar,175.0,4606.0,2022.0,3.0,2022-03-01,0.6453278265358803
USA,2022,Mar,4909.0,77083.0,2022.0,3.0,2022-03-01,18.10236743122649
Canada,2022,Mar,753.0,9755.0,2022.0,3.0,2022-03-01,2.7767534478943876
Others,2022,Mar,7641.0,114309.0,2022.0,3.0,2022-03-01,28.17685670034663
Bangladesh,2022,Mar,2152.0,25383.0,2022.0,3.0,2022-03-01,7.935688472601224
Malaysia,2022,Mar,314.0,9569.0,2022.0,3.0,2022-03-01,1.1579025001843795
Netherlands,2022,Mar,463.0,7515.0,2022.0,3.0,2022-03-01,1.7073530496349287
Italy,2022,Mar,234.0,6388.0,2022.0,3.0,2022-03-01,0.862895493767977
Spain,2022,Mar,356.0,8349.0,2022.0,3.0,2022-03-01,1.3127811785529906
Thailand,2022,Apr,617.0,9935.0,2022.0,4.0,2022-04-01,1.577480633037609
Malaysia,2022,Apr,507.0,9569.0,2022.0,4.0,2022-04-01,1.2962442154782297
UK,2022,Apr,5400.0,45094.0,2022.0,4.0,2022-04-01,13.806151407460435
Sri Lanka,2022,Apr,297.0,4606.0,2022.0,4.0,2022-04-01,0.7593383274103239
China,2022,Apr,350.0,9599.0,2022.0,4.0,2022-04-01,0.894843146779843
Italy,2022,Apr,508.0,6388.0,2022.0,4.0,2022-04-01,1.298800910183315
USA,2022,Apr,7345.0,77083.0,2022.0,4.0,2022-04-01,18.77892260885128
Japan,2022,Apr,371.0,5714.0,2022.0,4.0,2022-04-01,0.9485337355866337
Germany,2022,Apr,2132.0,17742.0,2022.0,4.0,2022-04-01,5.450873111241786
Others,2022,Apr,11952.0,114309.0,2022.0,4.0,2022-04-01,30.5576151151791
Spain,2022,Apr,940.0,8349.0,2022.0,4.0,2022-04-01,2.40329302278015
France,2022,Apr,1992.0,16933.0,2022.0,4.0,2022-04-01,5.092935852529849
Bangladesh,2022,Apr,1583.0,25383.0,2022.0,4.0,2022-04-01,4.0472477181499755
Canada,2022,Apr,1065.0,9755.0,2022.0,4.0,2022-04-01,2.722879860915808
Netherlands,2022,Apr,806.0,7515.0,2022.0,4.0,2022-04-01,2.0606959322987244
Australia,2022,Apr,2747.0,26894.0,2022.0,4.0,2022-04-01,7.023240354869226
Myanmar,2022,Apr,53.0,2427.0,2022.0,4.0,2022-04-01,0.13550481936951908
South Korea,2022,Apr,448.0,8240.0,2022.0,4.0,2022-04-01,1.145399227878199
South Korea,2022,May,362.0,8240.0,2022.0,5.0,2022-05-01,1.32411573210432
Australia,2022,May,1618.0,26894.0,2022.0,5.0,2022-05-01,5.918285233549142
USA,2022,May,7318.0,77083.0,2022.0,5.0,2022-05-01,26.76762134679396
Germany,2022,May,776.0,17742.0,2022.0,5.0,2022-05-01,2.83843593401368
China,2022,May,391.0,9599.0,2022.0,5.0,2022-05-01,1.4301913018032848
Italy,2022,May,368.0,6388.0,2022.0,5.0,2022-05-01,1.3460624016972091
UK,2022,May,2461.0,45094.0,2022.0,5.0,2022-05-01,9.001792311350085
France,2022,May,858.0,16933.0,2022.0,5.0,2022-05-01,3.138373751783167
Thailand,2022,May,329.0,9935.0,2022.0,5.0,2022-05-01,1.2034090493434286
Sri Lanka,2022,May,194.0,4606.0,2022.0,5.0,2022-05-01,0.70960898350342
Canada,2022,May,764.0,9755.0,2022.0,5.0,2022-05-01,2.7945425948279015
Malaysia,2022,May,454.0,9569.0,2022.0,5.0,2022-05-01,1.6606313325286222
Myanmar,2022,May,54.0,2427.0,2022.0,5.0,2022-05-01,0.19752002633600352
Netherlands,2022,May,315.0,7515.0,2022.0,5.0,2022-05-01,1.1522001536266873
Others,2022,May,7207.0,114309.0,2022.0,5.0,2022-05-01,26.361607959325507
Spain,2022,May,330.0,8349.0,2022.0,5.0,2022-05-01,1.2070668276089103
Japan,2022,May,272.0,5714.0,2022.0,5.0,2022-05-01,0.9949156882109806
Bangladesh,2022,May,3268.0,25383.0,2022.0,5.0,2022-05-01,11.953619371593692
Myanmar,2022,Jun,75.0,2427.0,2022.0,6.0,2022-06-01,0.31633556877135266
Australia,2022,Jun,1482.0,26894.0,2022.0,6.0,2022-06-01,6.250790838921929
Thailand,2022,Jun,305.0,9935.0,2022.0,6.0,2022-06-01,1.2864313130035008
Spain,2022,Jun,224.0,8349.0,2022.0,6.0,2022-06-01,0.9447888987304399
Sri Lanka,2022,Jun,203.0,4606.0,2022.0,6.0,2022-06-01,0.8562149394744611
Netherlands,2022,Jun,201.0,7515.0,2022.0,6.0,2022-06-01,0.847779324307225
South Korea,2022,Jun,335.0,8240.0,2022.0,6.0,2022-06-01,1.4129655405120418
UK,2022,Jun,2000.0,45094.0,2022.0,6.0,2022-06-01,8.43561516723607
Bangladesh,2022,Jun,2058.0,25383.0,2022.0,6.0,2022-06-01,8.680248007085916
Others,2022,Jun,5481.0,114309.0,2022.0,6.0,2022-06-01,23.117803365810452
China,2022,Jun,450.0,9599.0,2022.0,6.0,2022-06-01,1.8980134126281158
France,2022,Jun,507.0,16933.0,2022.0,6.0,2022-06-01,2.138428444894344
Japan,2022,Jun,322.0,5714.0,2022.0,6.0,2022-06-01,1.3581340419250074
Malaysia,2022,Jun,469.0,9569.0,2022.0,6.0,2022-06-01,1.9781517567168585
Italy,2022,Jun,181.0,6388.0,2022.0,6.0,2022-06-01,0.7634231726348644
Canada,2022,Jun,630.0,9755.0,2022.0,6.0,2022-06-01,2.657218777679362
Germany,2022,Jun,436.0,17742.0,2022.0,6.0,2022-06-01,1.8389641064574636
USA,2022,Jun,8350.0,77083.0,2022.0,6.0,2022-06-01,35.218693323210594
France,2022,Jul,759.0,16933.0,2022.0,7.0,2022-07-01,2.8045671211617336
Myanmar,2022,Jul,43.0,2427.0,2022.0,7.0,2022-07-01,0.15888851938070428
Spain,2022,Jul,705.0,8349.0,2022.0,7.0,2022-07-01,2.6050327014743377
Sri Lanka,2022,Jul,219.0,4606.0,2022.0,7.0,2022-07-01,0.809222924287773
Germany,2022,Jul,718.0,17742.0,2022.0,7.0,2022-07-01,2.6530687654731553
Italy,2022,Jul,350.0,6388.0,2022.0,7.0,2022-07-01,1.2932786461220116
South Korea,2022,Jul,558.0,8240.0,2022.0,7.0,2022-07-01,2.0618556701030926
Japan,2022,Jul,466.0,5714.0,2022.0,7.0,2022-07-01,1.7219081402653067
Australia,2022,Jul,1148.0,26894.0,2022.0,7.0,2022-07-01,4.241953959280198
USA,2022,Jul,5228.0,77083.0,2022.0,7.0,2022-07-01,19.317887891216788
Thailand,2022,Jul,430.0,9935.0,2022.0,7.0,2022-07-01,1.588885193807043
Malaysia,2022,Jul,738.0,9569.0,2022.0,7.0,2022-07-01,2.726970402394413
Bangladesh,2022,Jul,1874.0,25383.0,2022.0,7.0,2022-07-01,6.924583379521857
UK,2022,Jul,3953.0,45094.0,2022.0,7.0,2022-07-01,14.606658537486606
China,2022,Jul,1595.0,9599.0,2022.0,7.0,2022-07-01,5.8936555444703105
Canada,2022,Jul,616.0,9755.0,2022.0,7.0,2022-07-01,2.2761704171747406
Others,2022,Jul,7065.0,114309.0,2022.0,7.0,2022-07-01,26.10575324243432
Netherlands,2022,Jul,598.0,7515.0,2022.0,7.0,2022-07-01,2.209658943945608
China,2022,Aug,1288.0,9599.0,2022.0,8.0,2022-08-01,5.119847358588067
UK,2022,Aug,2826.0,45094.0,2022.0,8.0,2022-08-01,11.233453909448663
Japan,2022,Aug,541.0,5714.0,2022.0,8.0,2022-08-01,2.150494892077752
Bangladesh,2022,Aug,1751.0,25383.0,2022.0,8.0,2022-08-01,6.96028938267679
South Korea,2022,Aug,574.0,8240.0,2022.0,8.0,2022-08-01,2.2816711054577254
Italy,2022,Aug,941.0,6388.0,2022.0,8.0,2022-08-01,3.7405095997137976
Germany,2022,Aug,809.0,17742.0,2022.0,8.0,2022-08-01,3.2158047461939026
Others,2022,Aug,7004.0,114309.0,2022.0,8.0,2022-08-01,27.84115753070716
Myanmar,2022,Aug,66.0,2427.0,2022.0,8.0,2022-08-01,0.2623524267599475
USA,2022,Aug,4070.0,77083.0,2022.0,8.0,2022-08-01,16.178399650196766
Netherlands,2022,Aug,483.0,7515.0,2022.0,8.0,2022-08-01,1.9199427594705252
Spain,2022,Aug,910.0,8349.0,2022.0,8.0,2022-08-01,3.617283459872004
Thailand,2022,Aug,284.0,9935.0,2022.0,8.0,2022-08-01,1.1289104424215923
Sri Lanka,2022,Aug,232.0,4606.0,2022.0,8.0,2022-08-01,0.9222085304289064
Malaysia,2022,Aug,960.0,9569.0,2022.0,8.0,2022-08-01,3.8160352983265096
Canada,2022,Aug,552.0,9755.0,2022.0,8.0,2022-08-01,2.194220296537743
Australia,2022,Aug,1210.0,26894.0,2022.0,8.0,2022-08-01,4.809794490599038
France,2022,Aug,656.0,16933.0,2022.0,8.0,2022-08-01,2.607624120523115
France,2022,Sep,1409.0,16933.0,2022.0,9.0,2022-09-01,3.213739935679584
Germany,2022,Sep,1942.0,17742.0,2022.0,9.0,2022-09-01,4.429441415961499
Others,2022,Sep,13449.0,114309.0,2022.0,9.0,2022-09-01,30.675364368314213
Bangladesh,2022,Sep,2312.0,25383.0,2022.0,9.0,2022-09-01,5.273361768127181
USA,2022,Sep,7938.0,77083.0,2022.0,9.0,2022-09-01,18.105512852678878
Italy,2022,Sep,538.0,6388.0,2022.0,9.0,2022-09-01,1.2271058093652352
South Korea,2022,Sep,810.0,8240.0,2022.0,9.0,2022-09-01,1.8475013114978445
Netherlands,2022,Sep,804.0,7515.0,2022.0,9.0,2022-09-01,1.8338161165978604
Canada,2022,Sep,1078.0,9755.0,2022.0,9.0,2022-09-01,2.4587733503637983
China,2022,Sep,1332.0,9599.0,2022.0,9.0,2022-09-01,3.0381132677964553
Sri Lanka,2022,Sep,573.0,4606.0,2022.0,9.0,2022-09-01,1.3069361129484753
Thailand,2022,Sep,643.0,9935.0,2022.0,9.0,2022-09-01,1.4665967201149555
Japan,2022,Sep,596.0,5714.0,2022.0,9.0,2022-09-01,1.3593960267317473
Spain,2022,Sep,911.0,8349.0,2022.0,9.0,2022-09-01,2.0778687589809093
Australia,2022,Sep,4370.0,26894.0,2022.0,9.0,2022-09-01,9.967383618821705
UK,2022,Sep,3927.0,45094.0,2022.0,9.0,2022-09-01,8.956960062039549
Malaysia,2022,Sep,1135.0,9569.0,2022.0,9.0,2022-09-01,2.5887827019136465
Myanmar,2022,Sep,76.0,2427.0,2022.0,9.0,2022-09-01,0.17334580206646444
Japan,2022,Oct,841.0,5714.0,2022.0,10.0,2022-10-01,1.1734010492242437
Italy,2022,Oct,1471.0,6388.0,2022.0,10.0,2022-10-01,2.0524054023886595
Malaysia,2022,Oct,1590.0,9569.0,2022.0,10.0,2022-10-01,2.2184395579863825
Thailand,2022,Oct,1296.0,9935.0,2022.0,10.0,2022-10-01,1.808237526509655
China,2022,Oct,946.0,9599.0,2022.0,10.0,2022-10-01,1.3199017747516464
USA,2022,Oct,11859.0,77083.0,2022.0,10.0,2022-10-01,16.546210514566358
Myanmar,2022,Oct,102.0,2427.0,2022.0,10.0,2022-10-01,0.14231499051233396
Others,2022,Oct,21728.0,114309.0,2022.0,10.0,2022-10-01,30.315883469137177
UK,2022,Oct,7417.0,45094.0,2022.0,10.0,2022-10-01,10.348532202254717
Spain,2022,Oct,2096.0,8349.0,2022.0,10.0,2022-10-01,2.9244335305279607
Netherlands,2022,Oct,1842.0,7515.0,2022.0,10.0,2022-10-01,2.5700412992521486
Australia,2022,Oct,3946.0,26894.0,2022.0,10.0,2022-10-01,5.505636789820293
Sri Lanka,2022,Oct,901.0,4606.0,2022.0,10.0,2022-10-01,1.2571157495256167
France,2022,Oct,4929.0,16933.0,2022.0,10.0,2022-10-01,6.877162629757786
Germany,2022,Oct,4935.0,17742.0,2022.0,10.0,2022-10-01,6.885534099787923
South Korea,2022,Oct,1371.0,8240.0,2022.0,10.0,2022-10-01,1.9128809018863713
Bangladesh,2022,Oct,2720.0,25383.0,2022.0,10.0,2022-10-01,3.795066413662239
Canada,2022,Oct,1682.0,9755.0,2022.0,10.0,2022-10-01,2.3468020984484874
Sri Lanka,2022,Nov,1018.0,4606.0,2022.0,11.0,2022-11-01,1.9531474837397595
USA,2022,Nov,7832.0,77083.0,2022.0,11.0,2022-11-01,15.02657278256365
Thailand,2022,Nov,2441.0,9935.0,2022.0,11.0,2022-11-01,4.6833330135645905
Italy,2022,Nov,833.0,6388.0,2022.0,11.0,2022-11-01,1.5982041787379369
South Korea,2022,Nov,1670.0,8240.0,2022.0,11.0,2022-11-01,3.204082807313751
France,2022,Nov,2561.0,16933.0,2022.0,11.0,2022-11-01,4.9135665087009075
Malaysia,2022,Nov,1593.0,9569.0,2022.0,11.0,2022-11-01,3.056349647934614
China,2022,Nov,1038.0,9599.0,2022.0,11.0,2022-11-01,1.9915197329291459
Japan,2022,Nov,955.0,5714.0,2022.0,11.0,2022-11-01,1.8322748987931927
UK,2022,Nov,5165.0,45094.0,2022.0,11.0,2022-11-01,9.909633353158995
Germany,2022,Nov,2292.0,17742.0,2022.0,11.0,2022-11-01,4.397459757103663
Others,2022,Nov,14915.0,114309.0,2022.0,11.0,2022-11-01,28.616104832984785
Myanmar,2022,Nov,927.0,2427.0,2022.0,11.0,2022-11-01,1.778553749928052
Bangladesh,2022,Nov,2218.0,25383.0,2022.0,11.0,2022-11-01,4.255482435102934
Spain,2022,Nov,956.0,8349.0,2022.0,11.0,2022-11-01,1.834193511252662
Canada,2022,Nov,1184.0,9755.0,2022.0,11.0,2022-11-01,2.271637152011665
Netherlands,2022,Nov,1148.0,7515.0,2022.0,11.0,2022-11-01,2.20256710347077
Australia,2022,Nov,3375.0,26894.0,2022.0,11.0,2022-11-01,6.475317050708927
Spain,2022,Dec,587.0,8349.0,2022.0,12.0,2022-12-01,1.4144919154678426
France,2022,Dec,804.0,16933.0,2022.0,12.0,2022-12-01,1.9373960818332974
USA,2022,Dec,5769.0,77083.0,2022.0,12.0,2022-12-01,13.901539796139668
Others,2022,Dec,11182.0,114309.0,2022.0,12.0,2022-12-01,26.945227595845683
Italy,2022,Dec,826.0,6388.0,2022.0,12.0,2022-12-01,1.9904094074556016
Myanmar,2022,Dec,936.0,2427.0,2022.0,12.0,2022-12-01,2.2554760355671224
South Korea,2022,Dec,1493.0,8240.0,2022.0,12.0,2022-12-01,3.5976770524590953
Germany,2022,Dec,867.0,17742.0,2022.0,12.0,2022-12-01,2.089206968842623
Netherlands,2022,Dec,460.0,7515.0,2022.0,12.0,2022-12-01,1.108460444829996
Malaysia,2022,Dec,1586.0,9569.0,2022.0,12.0,2022-12-01,3.82177883804429
Sri Lanka,2022,Dec,666.0,4606.0,2022.0,12.0,2022-12-01,1.6048579483842984
UK,2022,Dec,3870.0,45094.0,2022.0,12.0,2022-12-01,9.32552591628714
Bangladesh,2022,Dec,3323.0,25383.0,2022.0,12.0,2022-12-01,8.007421865587123
Australia,2022,Dec,3282.0,26894.0,2022.0,12.0,2022-12-01,7.908624304200101
Canada,2022,Dec,650.0,9755.0,2022.0,12.0,2022-12-01,1.5663028024771681
China,2022,Dec,1249.0,9599.0,2022.0,12.0,2022-12-01,3.0097110773753584
Japan,2022,Dec,945.0,5714.0,2022.0,12.0,2022-12-01,2.277163305139883
Thailand,2022,Dec,3004.0,9935.0,2022.0,12.0,2022-12-01,7.238728644063712
Bangladesh,2023,Jan,2468.0,36483.0,2023.0,1.0,2023-01-01,6.3874941767172215
Others,2023,Jan,10056.0,185199.0,2023.0,1.0,2023-01-01,26.026191831875355
Germany,2023,Jan,985.0,26980.0,2023.0,1.0,2023-01-01,2.549303794192246
Netherlands,2023,Jan,437.0,10718.0,2023.0,1.0,2023-01-01,1.131010921890367
China,2023,Jan,1435.0,60878.0,2023.0,1.0,2023-01-01,3.713960349914592
Canada,2023,Jan,1001.0,14690.0,2023.0,1.0,2023-01-01,2.5907138050623737
Myanmar,2023,Jan,820.0,12929.0,2023.0,1.0,2023-01-01,2.1222630570940524
Japan,2023,Jan,643.0,16463.0,2023.0,1.0,2023-01-01,1.664164811843263
South Korea,2023,Jan,2198.0,23743.0,2023.0,1.0,2023-01-01,5.688700243283814
Spain,2023,Jan,463.0,12393.0,2023.0,1.0,2023-01-01,1.1983021895543247
USA,2023,Jan,6561.0,100355.0,2023.0,1.0,2023-01-01,16.980692582431804
Sri Lanka,2023,Jan,307.0,21851.0,2023.0,1.0,2023-01-01,0.7945545835705783
France,2023,Jan,857.0,23168.0,2023.0,1.0,2023-01-01,2.218023707231223
Malaysia,2023,Jan,675.0,18807.0,2023.0,1.0,2023-01-01,1.746984833583519
Italy,2023,Jan,414.0,12948.0,2023.0,1.0,2023-01-01,1.0714840312645584
Australia,2023,Jan,3441.0,38798.0,2023.0,1.0,2023-01-01,8.90574046275687
UK,2023,Jan,3458.0,52865.0,2023.0,1.0,2023-01-01,8.949738599306382
Thailand,2023,Jan,2419.0,25678.0,2023.0,1.0,2023-01-01,6.260676018427455
Myanmar,2023,Feb,2232.0,12929.0,2023.0,2.0,2023-02-01,4.068983118824516
France,2023,Feb,1463.0,23168.0,2023.0,2.0,2023-02-01,2.667079884785066
USA,2023,Feb,7887.0,100355.0,2023.0,2.0,2023-02-01,14.37816749917964
China,2023,Feb,2266.0,60878.0,2023.0,2.0,2023-02-01,4.130965836584387
Spain,2023,Feb,540.0,12393.0,2023.0,2.0,2023-02-01,0.9844313997156087
Thailand,2023,Feb,4802.0,25678.0,2023.0,2.0,2023-02-01,8.75414737302658
UK,2023,Feb,4345.0,52865.0,2023.0,2.0,2023-02-01,7.921026725489481
Malaysia,2023,Feb,1819.0,18807.0,2023.0,2.0,2023-02-01,3.316075400153134
Netherlands,2023,Feb,805.0,10718.0,2023.0,2.0,2023-02-01,1.4675319940204907
Sri Lanka,2023,Feb,2175.0,21851.0,2023.0,2.0,2023-02-01,3.965070915521202
Canada,2023,Feb,1369.0,14690.0,2023.0,2.0,2023-02-01,2.4957159003901266
Australia,2023,Feb,2969.0,38798.0,2023.0,2.0,2023-02-01,5.412549677325264
South Korea,2023,Feb,3246.0,23743.0,2023.0,2.0,2023-02-01,5.917526524957159
Italy,2023,Feb,649.0,12948.0,2023.0,2.0,2023-02-01,1.1831407007693149
Others,2023,Feb,13206.0,185199.0,2023.0,2.0,2023-02-01,24.074816786378385
Japan,2023,Feb,1066.0,16463.0,2023.0,2.0,2023-02-01,1.943340503883035
Germany,2023,Feb,2108.0,26980.0,2023.0,2.0,2023-02-01,3.842928501112043
Bangladesh,2023,Feb,1907.0,36483.0,2023.0,2.0,2023-02-01,3.4765012578845664
China,2023,Mar,2635.0,60878.0,2023.0,3.0,2023-03-01,3.5843025232945656
Japan,2023,Mar,1677.0,16463.0,2023.0,3.0,2023-03-01,2.2811671087533156
Italy,2023,Mar,1219.0,12948.0,2023.0,3.0,2023-03-01,1.6581650003400665
Germany,2023,Mar,4149.0,26980.0,2023.0,3.0,2023-03-01,5.643746174250153
South Korea,2023,Mar,2640.0,23743.0,2023.0,3.0,2023-03-01,3.5911038563558457
Thailand,2023,Mar,3829.0,25678.0,2023.0,3.0,2023-03-01,5.208460858328232
Malaysia,2023,Mar,1663.0,18807.0,2023.0,3.0,2023-03-01,2.2621233761817314
Australia,2023,Mar,3635.0,38798.0,2023.0,3.0,2023-03-01,4.944569135550568
Netherlands,2023,Mar,1402.0,10718.0,2023.0,3.0,2023-03-01,1.907093790382915
USA,2023,Mar,9557.0,100355.0,2023.0,3.0,2023-03-01,13.000068013330612
Spain,2023,Mar,1183.0,12393.0,2023.0,3.0,2023-03-01,1.6091954022988506
Bangladesh,2023,Mar,2466.0,36483.0,2023.0,3.0,2023-03-01,3.3544174658233015
Myanmar,2023,Mar,2188.0,12929.0,2023.0,3.0,2023-03-01,2.976263347616133
Others,2023,Mar,20524.0,185199.0,2023.0,3.0,2023-03-01,27.918111949942187
France,2023,Mar,3009.0,23168.0,2023.0,3.0,2023-03-01,4.09304223627831
Sri Lanka,2023,Mar,3898.0,21851.0,2023.0,3.0,2023-03-01,5.302319254573897
Canada,2023,Mar,1708.0,14690.0,2023.0,3.0,2023-03-01,2.3233353737332516
UK,2023,Mar,6133.0,52865.0,2023.0,3.0,2023-03-01,8.34251513296606
Australia,2023,Apr,3828.0,38798.0,2023.0,4.0,2023-04-01,5.68492336937151
Germany,2023,Apr,3245.0,26980.0,2023.0,4.0,2023-04-01,4.819116074610907
Netherlands,2023,Apr,1285.0,10718.0,2023.0,4.0,2023-04-01,1.9083402637519307
Malaysia,2023,Apr,2000.0,18807.0,2023.0,4.0,2023-04-01,2.9701793988356897
Sri Lanka,2023,Apr,747.0,21851.0,2023.0,4.0,2023-04-01,1.10936200546513
Thailand,2023,Apr,2103.0,25678.0,2023.0,4.0,2023-04-01,3.1231436378757276
Bangladesh,2023,Apr,2217.0,36483.0,2023.0,4.0,2023-04-01,3.2924438636093623
China,2023,Apr,4771.0,60878.0,2023.0,4.0,2023-04-01,7.0853629559225375
UK,2023,Apr,5409.0,52865.0,2023.0,4.0,2023-04-01,8.032850184151123
USA,2023,Apr,8413.0,100355.0,2023.0,4.0,2023-04-01,12.494059641202329
France,2023,Apr,3211.0,23168.0,2023.0,4.0,2023-04-01,4.7686230248307
Italy,2023,Apr,1435.0,12948.0,2023.0,4.0,2023-04-01,2.1311037186646073
Canada,2023,Apr,1672.0,14690.0,2023.0,4.0,2023-04-01,2.4830699774266365
Japan,2023,Apr,1312.0,16463.0,2023.0,4.0,2023-04-01,1.9484376856362124
Others,2023,Apr,21633.0,185199.0,2023.0,4.0,2023-04-01,32.12694546750623
South Korea,2023,Apr,1544.0,23743.0,2023.0,4.0,2023-04-01,2.2929784959011523
Spain,2023,Apr,1172.0,12393.0,2023.0,4.0,2023-04-01,1.7405251277177143
Myanmar,2023,Apr,1339.0,12929.0,2023.0,4.0,2023-04-01,1.9885351075204942
China,2023,May,4667.0,60878.0,2023.0,5.0,2023-05-01,11.347500486286714
Australia,2023,May,2184.0,38798.0,2023.0,5.0,2023-05-01,5.310250923944758
UK,2023,May,2927.0,52865.0,2023.0,5.0,2023-05-01,7.116806068858199
France,2023,May,1097.0,23168.0,2023.0,5.0,2023-05-01,2.667282629838553
Italy,2023,May,614.0,12948.0,2023.0,5.0,2023-05-01,1.4929002139661545
Bangladesh,2023,May,2164.0,36483.0,2023.0,5.0,2023-05-01,5.261622252480063
Thailand,2023,May,517.0,25678.0,2023.0,5.0,2023-05-01,1.257051157362381
Malaysia,2023,May,1321.0,18807.0,2023.0,5.0,2023-05-01,3.2119237502431432
Others,2023,May,11249.0,185199.0,2023.0,5.0,2023-05-01,27.351196265318034
Spain,2023,May,590.0,12393.0,2023.0,5.0,2023-05-01,1.4345458082085198
Netherlands,2023,May,542.0,10718.0,2023.0,5.0,2023-05-01,1.3178369966932504
Myanmar,2023,May,91.0,12929.0,2023.0,5.0,2023-05-01,0.2212604551643649
Canada,2023,May,1031.0,14690.0,2023.0,5.0,2023-05-01,2.5068080140050575
Japan,2023,May,913.0,16463.0,2023.0,5.0,2023-05-01,2.2198988523633534
Sri Lanka,2023,May,471.0,21851.0,2023.0,5.0,2023-05-01,1.145205212993581
Germany,2023,May,1165.0,26980.0,2023.0,5.0,2023-05-01,2.8326201128185176
USA,2023,May,8546.0,100355.0,2023.0,5.0,2023-05-01,20.779031316864423
South Korea,2023,May,1039.0,23743.0,2023.0,5.0,2023-05-01,2.5262594825909357
Others,2023,Jun,8419.0,185199.0,2023.0,6.0,2023-06-01,25.202813950007485
Australia,2023,Jun,1639.0,38798.0,2023.0,6.0,2023-06-01,4.906451130070349
Bangladesh,2023,Jun,2402.0,36483.0,2023.0,6.0,2023-06-01,7.190540338272713
South Korea,2023,Jun,888.0,23743.0,2023.0,6.0,2023-06-01,2.65828468792097
Germany,2023,Jun,514.0,26980.0,2023.0,6.0,2023-06-01,1.5386918126029037
Japan,2023,Jun,764.0,16463.0,2023.0,6.0,2023-06-01,2.287082772040114
Myanmar,2023,Jun,115.0,12929.0,2023.0,6.0,2023-06-01,0.3442598413411166
Spain,2023,Jun,372.0,12393.0,2023.0,6.0,2023-06-01,1.1136057476425685
Canada,2023,Jun,593.0,14690.0,2023.0,6.0,2023-06-01,1.775183355785062
Malaysia,2023,Jun,1079.0,18807.0,2023.0,6.0,2023-06-01,3.2300553809309984
Thailand,2023,Jun,442.0,25678.0,2023.0,6.0,2023-06-01,1.3231552162849873
Netherlands,2023,Jun,220.0,10718.0,2023.0,6.0,2023-06-01,0.6585840443047447
Italy,2023,Jun,220.0,12948.0,2023.0,6.0,2023-06-01,0.6585840443047447
Sri Lanka,2023,Jun,320.0,21851.0,2023.0,6.0,2023-06-01,0.9579404280796289
USA,2023,Jun,8470.0,100355.0,2023.0,6.0,2023-06-01,25.355485705732672
UK,2023,Jun,1991.0,52865.0,2023.0,6.0,2023-06-01,5.96018560095794
France,2023,Jun,614.0,23168.0,2023.0,6.0,2023-06-01,1.8380481963777877
China,2023,Jun,4343.0,60878.0,2023.0,6.0,2023-06-01,13.001047747343211
China,2023,Jul,5695.0,60878.0,2023.0,7.0,2023-07-01,15.65894030630482
Canada,2023,Jul,653.0,14690.0,2023.0,7.0,2023-07-01,1.7954851659380242
Japan,2023,Jul,871.0,16463.0,2023.0,7.0,2023-07-01,2.394896752728972
UK,2023,Jul,3630.0,52865.0,2023.0,7.0,2023-07-01,9.981027798399737
Others,2023,Jul,8911.0,185199.0,2023.0,7.0,2023-07-01,24.501636008688717
Malaysia,2023,Jul,998.0,18807.0,2023.0,7.0,2023-07-01,2.7440952459512222
USA,2023,Jul,5561.0,100355.0,2023.0,7.0,2023-07-01,15.290494652038825
Italy,2023,Jul,604.0,12948.0,2023.0,7.0,2023-07-01,1.6607550386318017
Germany,2023,Jul,637.0,26980.0,2023.0,7.0,2023-07-01,1.75149165498089
Bangladesh,2023,Jul,2694.0,36483.0,2023.0,7.0,2023-07-01,7.4074074074074066
Thailand,2023,Jul,579.0,25678.0,2023.0,7.0,2023-07-01,1.59201517776128
France,2023,Jul,996.0,23168.0,2023.0,7.0,2023-07-01,2.7385960570815806
South Korea,2023,Jul,1375.0,23743.0,2023.0,7.0,2023-07-01,3.780692347878688
Australia,2023,Jul,1102.0,38798.0,2023.0,7.0,2023-07-01,3.030053067172592
Spain,2023,Jul,826.0,12393.0,2023.0,7.0,2023-07-01,2.2711650031620336
Sri Lanka,2023,Jul,484.0,21851.0,2023.0,7.0,2023-07-01,1.330803706453298
Netherlands,2023,Jul,602.0,10718.0,2023.0,7.0,2023-07-01,1.6552558497621601
Myanmar,2023,Jul,151.0,12929.0,2023.0,7.0,2023-07-01,0.41518875965795043
Canada,2023,Aug,640.0,14690.0,2023.0,8.0,2023-08-01,1.5807152736613317
Bangladesh,2023,Aug,3190.0,36483.0,2023.0,8.0,2023-08-01,7.8788776921557
Thailand,2023,Aug,483.0,25678.0,2023.0,8.0,2023-08-01,1.1929460580912863
Italy,2023,Aug,1496.0,12948.0,2023.0,8.0,2023-08-01,3.694921952183363
Sri Lanka,2023,Aug,3858.0,21851.0,2023.0,8.0,2023-08-01,9.528749259039715
Germany,2023,Aug,875.0,26980.0,2023.0,8.0,2023-08-01,2.161134163208852
Japan,2023,Aug,1520.0,16463.0,2023.0,8.0,2023-08-01,3.754198774945663
Spain,2023,Aug,1588.0,12393.0,2023.0,8.0,2023-08-01,3.9221497727721792
France,2023,Aug,822.0,23168.0,2023.0,8.0,2023-08-01,2.030231179608773
Netherlands,2023,Aug,563.0,10718.0,2023.0,8.0,2023-08-01,1.3905354672989527
UK,2023,Aug,2711.0,52865.0,2023.0,8.0,2023-08-01,6.695811104524798
South Korea,2023,Aug,1099.0,23743.0,2023.0,8.0,2023-08-01,2.7143845089903182
Myanmar,2023,Aug,78.0,12929.0,2023.0,8.0,2023-08-01,0.19264967397747482
China,2023,Aug,5025.0,60878.0,2023.0,8.0,2023-08-01,12.41108476585655
Others,2023,Aug,9376.0,185199.0,2023.0,8.0,2023-08-01,23.15747875913851
USA,2023,Aug,4629.0,100355.0,2023.0,8.0,2023-08-01,11.433017190278601
Malaysia,2023,Aug,1188.0,18807.0,2023.0,8.0,2023-08-01,2.934202726733847
Australia,2023,Aug,1347.0,38798.0,2023.0,8.0,2023-08-01,3.3269116775340843
Malaysia,2023,Sep,1666.0,18807.0,2023.0,9.0,2023-09-01,2.6733848968195386
UK,2023,Sep,3640.0,52865.0,2023.0,9.0,2023-09-01,5.841009018261176
Germany,2023,Sep,2851.0,26980.0,2023.0,9.0,2023-09-01,4.57492217336885
Italy,2023,Sep,931.0,12948.0,2023.0,9.0,2023-09-01,1.4939503835168009
Japan,2023,Sep,1436.0,16463.0,2023.0,9.0,2023-09-01,2.3043101511601787
Australia,2023,Sep,3685.0,38798.0,2023.0,9.0,2023-09-01,5.913219294585834
Sri Lanka,2023,Sep,3011.0,21851.0,2023.0,9.0,2023-09-01,4.831669822523187
Canada,2023,Sep,1109.0,14690.0,2023.0,9.0,2023-09-01,1.7795821432010015
Bangladesh,2023,Sep,3716.0,36483.0,2023.0,9.0,2023-09-01,5.962964151609486
Thailand,2023,Sep,720.0,25678.0,2023.0,9.0,2023-09-01,1.1553644211945184
Netherlands,2023,Sep,891.0,10718.0,2023.0,9.0,2023-09-01,1.4297634712282166
France,2023,Sep,1682.0,23168.0,2023.0,9.0,2023-09-01,2.6990596617349722
Others,2023,Sep,18085.0,185199.0,2023.0,9.0,2023-09-01,29.020507718476203
Myanmar,2023,Sep,126.0,12929.0,2023.0,9.0,2023-09-01,0.20218877370904073
South Korea,2023,Sep,2018.0,23743.0,2023.0,9.0,2023-09-01,3.2382297249590812
China,2023,Sep,8169.0,60878.0,2023.0,9.0,2023-09-01,13.10857216213614
USA,2023,Sep,7364.0,100355.0,2023.0,9.0,2023-09-01,11.81681055232838
Spain,2023,Sep,1218.0,12393.0,2023.0,9.0,2023-09-01,1.9544914791873937
Netherlands,2023,Oct,2081.0,10718.0,2023.0,10.0,2023-10-01,2.1056998593501777
Bangladesh,2023,Oct,4292.0,36483.0,2023.0,10.0,2023-10-01,4.342942718083115
Australia,2023,Oct,6075.0,38798.0,2023.0,10.0,2023-10-01,6.147105548078966
Malaysia,2023,Oct,2019.0,18807.0,2023.0,10.0,2023-10-01,2.0429639673368616
South Korea,2023,Oct,2449.0,23743.0,2023.0,10.0,2023-10-01,2.4780677345259896
Italy,2023,Oct,2467.0,12948.0,2023.0,10.0,2023-10-01,2.4962813805943718
Thailand,2023,Oct,1289.0,25678.0,2023.0,10.0,2023-10-01,1.3042994323413641
UK,2023,Oct,8218.0,52865.0,2023.0,10.0,2023-10-01,8.31554129944246
Myanmar,2023,Oct,752.0,12929.0,2023.0,10.0,2023-10-01,0.7609256579679642
Spain,2023,Oct,2353.0,12393.0,2023.0,10.0,2023-10-01,2.380928288827952
USA,2023,Oct,14878.0,100355.0,2023.0,10.0,2023-10-01,15.054590344743845
France,2023,Oct,5270.0,23168.0,2023.0,10.0,2023-10-01,5.332550821131877
Sri Lanka,2023,Oct,2507.0,21851.0,2023.0,10.0,2023-10-01,2.536756149635221
Others,2023,Oct,27090.0,185199.0,2023.0,10.0,2023-10-01,27.411537332915092
China,2023,Oct,6880.0,60878.0,2023.0,10.0,2023-10-01,6.961660275026056
Canada,2023,Oct,2442.0,14690.0,2023.0,10.0,2023-10-01,2.470984649943841
Japan,2023,Oct,1850.0,16463.0,2023.0,10.0,2023-10-01,1.8719580681392738
Germany,2023,Oct,5915.0,26980.0,2023.0,10.0,2023-10-01,5.9852064719155695
Japan,2023,Nov,2072.0,16463.0,2023.0,11.0,2023-11-01,2.4611875942841532
Myanmar,2023,Nov,2505.0,12929.0,2023.0,11.0,2023-11-01,2.975518785560716
Australia,2023,Nov,5060.0,38798.0,2023.0,11.0,2023-11-01,6.0104291636475935
Italy,2023,Nov,1686.0,12948.0,2023.0,11.0,2023-11-01,2.0026844999821822
Others,2023,Nov,20433.0,185199.0,2023.0,11.0,2023-11-01,24.27096820174136
South Korea,2023,Nov,2885.0,23743.0,2023.0,11.0,2023-11-01,3.426894888759547
Bangladesh,2023,Nov,3761.0,36483.0,2023.0,11.0,2023-11-01,4.467435589817905
Spain,2023,Nov,1404.0,12393.0,2023.0,11.0,2023-11-01,1.6677159181346288
Malaysia,2023,Nov,2388.0,18807.0,2023.0,11.0,2023-11-01,2.8365424590494968
Thailand,2023,Nov,3962.0,25678.0,2023.0,11.0,2023-11-01,4.706189791773077
Netherlands,2023,Nov,1299.0,10718.0,2023.0,11.0,2023-11-01,1.5429935738296885
France,2023,Nov,3205.0,23168.0,2023.0,11.0,2023-11-01,3.807001080926984
USA,2023,Nov,11461.0,100355.0,2023.0,11.0,2023-11-01,13.613740838846851
Sri Lanka,2023,Nov,3227.0,21851.0,2023.0,11.0,2023-11-01,3.8331333816384956
China,2023,Nov,7621.0,60878.0,2023.0,11.0,2023-11-01,9.052466532837611
Canada,2023,Nov,1570.0,14690.0,2023.0,11.0,2023-11-01,1.8648960053214865
Germany,2023,Nov,3512.0,26980.0,2023.0,11.0,2023-11-01,4.1716654590376185
UK,2023,Nov,6136.0,52865.0,2023.0,11.0,2023-11-01,7.2885362348106
Thailand,2023,Dec,4533.0,25678.0,2023.0,12.0,2023-12-01,7.0958955574340195
USA,2023,Dec,7028.0,100355.0,2023.0,12.0,2023-12-01,11.001534078457155
UK,2023,Dec,4267.0,52865.0,2023.0,12.0,2023-12-01,6.6795028333489865
Others,2023,Dec,16217.0,185199.0,2023.0,12.0,2023-12-01,25.385867693559998
Japan,2023,Dec,2339.0,16463.0,2023.0,12.0,2023-12-01,3.6614382768228917
Germany,2023,Dec,1024.0,26980.0,2023.0,12.0,2023-12-01,1.6029554491092952
Myanmar,2023,Dec,2532.0,12929.0,2023.0,12.0,2023-12-01,3.9635578097116557
Sri Lanka,2023,Dec,846.0,21851.0,2023.0,12.0,2023-12-01,1.3243167089320935
China,2023,Dec,7371.0,60878.0,2023.0,12.0,2023-12-01,11.538461538461538
Spain,2023,Dec,684.0,12393.0,2023.0,12.0,2023-12-01,1.0707241476472247
Australia,2023,Dec,3834.0,38798.0,2023.0,12.0,2023-12-01,6.001690617075233
Netherlands,2023,Dec,591.0,10718.0,2023.0,12.0,2023-12-01,0.9251432328355406
Malaysia,2023,Dec,1991.0,18807.0,2023.0,12.0,2023-12-01,3.116683885914655
France,2023,Dec,942.0,23168.0,2023.0,12.0,2023-12-01,1.47459378228609
Italy,2023,Dec,1213.0,12948.0,2023.0,12.0,2023-12-01,1.8988134372749759
Bangladesh,2023,Dec,5206.0,36483.0,2023.0,12.0,2023-12-01,8.149400457092765
Canada,2023,Dec,902.0,14690.0,2023.0,12.0,2023-12-01,1.4119783350552582
South Korea,2023,Dec,2362.0,23743.0,2023.0,12.0,2023-12-01,3.6974421589806203
Sri Lanka,2024,Jan,493.0,30227.0,2024.0,1.0,2024-01-01,1.1736418606865686
Malaysia,2024,Jan,939.0,20953.0,2024.0,1.0,2024-01-01,2.2353949435794886
Canada,2024,Jan,929.0,16073.0,2024.0,1.0,2024-01-01,2.21158882064467
Bangladesh,2024,Jan,3629.0,48849.0,2024.0,1.0,2024-01-01,8.639242013045756
UK,2024,Jan,3276.0,54765.0,2024.0,1.0,2024-01-01,7.798885873446651
USA,2024,Jan,7048.0,111217.0,2024.0,1.0,2024-01-01,16.778555444460316
Thailand,2024,Jan,4618.0,30746.0,2024.0,1.0,2024-01-01,10.993667571299339
South Korea,2024,Jan,3812.0,27068.0,2024.0,1.0,2024-01-01,9.074894062752941
Japan,2024,Jan,1568.0,22854.0,2024.0,1.0,2024-01-01,3.7328000761795934
Spain,2024,Jan,521.0,13968.0,2024.0,1.0,2024-01-01,1.2402990049040612
China,2024,Jan,7269.0,101874.0,2024.0,1.0,2024-01-01,17.304670761319812
Australia,2024,Jan,3421.0,43978.0,2024.0,1.0,2024-01-01,8.144074656001523
Netherlands,2024,Jan,492.0,11391.0,2024.0,1.0,2024-01-01,1.1712612483930867
Germany,2024,Jan,1282.0,29799.0,2024.0,1.0,2024-01-01,3.0519449602437745
Italy,2024,Jan,517.0,14472.0,2024.0,1.0,2024-01-01,1.2307765557301338
France,2024,Jan,970.0,25118.0,2024.0,1.0,2024-01-01,2.309193924677427
Myanmar,2024,Jan,1222.0,12910.0,2024.0,1.0,2024-01-01,2.909108222634862
Thailand,2024,Feb,4799.0,30746.0,2024.0,2.0,2024-02-01,8.61966771441401
Myanmar,2024,Feb,2919.0,12910.0,2024.0,2.0,2024-02-01,5.242927705433319
Germany,2024,Feb,2494.0,29799.0,2024.0,2.0,2024-02-01,4.479568926807364
Malaysia,2024,Feb,1815.0,20953.0,2024.0,2.0,2024-02-01,3.259991019308487
USA,2024,Feb,9088.0,111217.0,2024.0,2.0,2024-02-01,16.323304894476877
France,2024,Feb,1697.0,25118.0,2024.0,2.0,2024-02-01,3.0480466995958686
South Korea,2024,Feb,2351.0,27068.0,2024.0,2.0,2024-02-01,4.222721149528514
Spain,2024,Feb,787.0,13968.0,2024.0,2.0,2024-02-01,1.4135608441850023
Sri Lanka,2024,Feb,3683.0,30227.0,2024.0,2.0,2024-02-01,6.6151773686573865
Italy,2024,Feb,805.0,14472.0,2024.0,2.0,2024-02-01,1.4458913336326897
Canada,2024,Feb,1358.0,16073.0,2024.0,2.0,2024-02-01,2.439155814997755
UK,2024,Feb,4571.0,54765.0,2024.0,2.0,2024-02-01,8.210148181409968
Netherlands,2024,Feb,1026.0,11391.0,2024.0,2.0,2024-02-01,1.842837898518186
Bangladesh,2024,Feb,4099.0,48849.0,2024.0,2.0,2024-02-01,7.362370902559497
China,2024,Feb,9180.0,101874.0,2024.0,2.0,2024-02-01,16.48854961832061
Japan,2024,Feb,2027.0,22854.0,2024.0,2.0,2024-02-01,3.6407723394701392
Australia,2024,Feb,2976.0,43978.0,2024.0,2.0,2024-02-01,5.345307588684329
Italy,2024,Mar,1581.0,14472.0,2024.0,3.0,2024-03-01,2.148302148302148
France,2024,Mar,3240.0,25118.0,2024.0,3.0,2024-03-01,4.402592637886755
Canada,2024,Mar,1851.0,16073.0,2024.0,3.0,2024-03-01,2.5151848681260445
Netherlands,2024,Mar,1563.0,11391.0,2024.0,3.0,2024-03-01,2.123843300313889
South Korea,2024,Mar,2888.0,27068.0,2024.0,3.0,2024-03-01,3.924286277227454
China,2024,Mar,12093.0,101874.0,2024.0,3.0,2024-03-01,16.432269373445845
Sri Lanka,2024,Mar,5741.0,30227.0,2024.0,3.0,2024-03-01,7.801013683366624
Thailand,2024,Mar,4568.0,30746.0,2024.0,3.0,2024-03-01,6.2071120894650305
Myanmar,2024,Mar,3131.0,12910.0,2024.0,3.0,2024-03-01,4.2544807250689605
USA,2024,Mar,10763.0,111217.0,2024.0,3.0,2024-03-01,14.625032272091095
Malaysia,2024,Mar,2198.0,20953.0,2024.0,3.0,2024-03-01,2.986697104344163
Australia,2024,Mar,4345.0,43978.0,2024.0,3.0,2024-03-01,5.904094139388257
Bangladesh,2024,Mar,2946.0,48849.0,2024.0,3.0,2024-03-01,4.00309812074518
UK,2024,Mar,7241.0,54765.0,2024.0,3.0,2024-03-01,9.839251015721603
Germany,2024,Mar,5254.0,29799.0,2024.0,3.0,2024-03-01,7.139265962795374
Spain,2024,Mar,1542.0,13968.0,2024.0,3.0,2024-03-01,2.095307977660919
Japan,2024,Mar,2648.0,22854.0,2024.0,3.0,2024-03-01,3.598168304050657
UK,2024,Apr,5390.0,54765.0,2024.0,4.0,2024-04-01,9.524314390726603
Bangladesh,2024,Apr,4003.0,48849.0,2024.0,4.0,2024-04-01,7.073437941758552
Germany,2024,Apr,3271.0,29799.0,2024.0,4.0,2024-04-01,5.7799689001979075
Japan,2024,Apr,2073.0,22854.0,2024.0,4.0,2024-04-01,3.6630619168787106
Malaysia,2024,Apr,2310.0,20953.0,2024.0,4.0,2024-04-01,4.0818490245971155
Myanmar,2024,Apr,1184.0,12910.0,2024.0,4.0,2024-04-01,2.092168504382245
Canada,2024,Apr,1637.0,16073.0,2024.0,4.0,2024-04-01,2.8926350014136273
Italy,2024,Apr,1993.0,14472.0,2024.0,4.0,2024-04-01,3.5216991800961264
France,2024,Apr,3753.0,25118.0,2024.0,4.0,2024-04-01,6.6316793893129775
Netherlands,2024,Apr,1300.0,11391.0,2024.0,4.0,2024-04-01,2.297144472716992
Australia,2024,Apr,4110.0,43978.0,2024.0,4.0,2024-04-01,7.262510602205259
South Korea,2024,Apr,1980.0,27068.0,2024.0,4.0,2024-04-01,3.498727735368957
Sri Lanka,2024,Apr,908.0,30227.0,2024.0,4.0,2024-04-01,1.6044670624823298
China,2024,Apr,9748.0,101874.0,2024.0,4.0,2024-04-01,17.225049476957874
Thailand,2024,Apr,1884.0,30746.0,2024.0,4.0,2024-04-01,3.329092451229856
Spain,2024,Apr,1100.0,13968.0,2024.0,4.0,2024-04-01,1.9437376307605316
USA,2024,Apr,9948.0,111217.0,2024.0,4.0,2024-04-01,17.578456318914334
Japan,2024,May,1233.0,22854.0,2024.0,5.0,2024-05-01,3.355193338594247
Myanmar,2024,May,153.0,12910.0,2024.0,5.0,2024-05-01,0.41633785953359276
China,2024,May,8379.0,101874.0,2024.0,5.0,2024-05-01,22.80062042504558
UK,2024,May,2802.0,54765.0,2024.0,5.0,2024-05-01,7.624697270674032
Germany,2024,May,1391.0,29799.0,2024.0,5.0,2024-05-01,3.7851370105308986
Sri Lanka,2024,May,511.0,30227.0,2024.0,5.0,2024-05-01,1.3905140275925876
Bangladesh,2024,May,3458.0,48849.0,2024.0,5.0,2024-05-01,9.409779857955318
Netherlands,2024,May,665.0,11391.0,2024.0,5.0,2024-05-01,1.809573049606792
Spain,2024,May,675.0,13968.0,2024.0,5.0,2024-05-01,1.8367846744129093
Canada,2024,May,1014.0,16073.0,2024.0,5.0,2024-05-01,2.7592587553402814
Thailand,2024,May,627.0,30746.0,2024.0,5.0,2024-05-01,1.7061688753435469
USA,2024,May,8528.0,111217.0,2024.0,5.0,2024-05-01,23.206073634656725
Australia,2024,May,2194.0,43978.0,2024.0,5.0,2024-05-01,5.9702304824621075
France,2024,May,1282.0,25118.0,2024.0,5.0,2024-05-01,3.4885303001442214
Italy,2024,May,649.0,14472.0,2024.0,5.0,2024-05-01,1.7660344499170046
Malaysia,2024,May,1814.0,20953.0,2024.0,5.0,2024-05-01,4.936188739829656
South Korea,2024,May,1374.0,27068.0,2024.0,5.0,2024-05-01,3.7388772483604997
Bangladesh,2024,Jun,3857.0,48849.0,2024.0,6.0,2024-06-01,13.037893384714195
Italy,2024,Jun,267.0,14472.0,2024.0,6.0,2024-06-01,0.902545380793023
Canada,2024,Jun,666.0,16073.0,2024.0,6.0,2024-06-01,2.251292972315181
Netherlands,2024,Jun,246.0,11391.0,2024.0,6.0,2024-06-01,0.8315586654497515
France,2024,Jun,550.0,25118.0,2024.0,6.0,2024-06-01,1.8591758780380625
Sri Lanka,2024,Jun,284.0,30227.0,2024.0,6.0,2024-06-01,0.9600108170232904
South Korea,2024,Jun,875.0,27068.0,2024.0,6.0,2024-06-01,2.9577798059696447
Malaysia,2024,Jun,1014.0,20953.0,2024.0,6.0,2024-06-01,3.427644255146537
Myanmar,2024,Jun,125.0,12910.0,2024.0,6.0,2024-06-01,0.4225399722813778
Germany,2024,Jun,546.0,29799.0,2024.0,6.0,2024-06-01,1.8456545989250581
UK,2024,Jun,1971.0,54765.0,2024.0,6.0,2024-06-01,6.662610282932765
China,2024,Jun,7493.0,101874.0,2024.0,6.0,2024-06-01,25.328736098434913
Spain,2024,Jun,501.0,13968.0,2024.0,6.0,2024-06-01,1.6935402089037623
Australia,2024,Jun,1589.0,43978.0,2024.0,6.0,2024-06-01,5.371328127640875
USA,2024,Jun,8280.0,111217.0,2024.0,6.0,2024-06-01,27.989047763918467
Japan,2024,Jun,953.0,22854.0,2024.0,6.0,2024-06-01,3.2214447486732247
Thailand,2024,Jun,366.0,30746.0,2024.0,6.0,2024-06-01,1.2371970388398743
Bangladesh,2024,Jul,3470.0,48849.0,2024.0,7.0,2024-07-01,10.277522731984718
Germany,2024,Jul,726.0,29799.0,2024.0,7.0,2024-07-01,2.1502828540117878
France,2024,Jul,853.0,25118.0,2024.0,7.0,2024-07-01,2.526434262358203
China,2024,Jul,6819.0,101874.0,2024.0,7.0,2024-07-01,20.196664988300803
Canada,2024,Jul,1004.0,16073.0,2024.0,7.0,2024-07-01,2.973669401415751
USA,2024,Jul,7864.0,111217.0,2024.0,7.0,2024-07-01,23.291769096348073
Malaysia,2024,Jul,1125.0,20953.0,2024.0,7.0,2024-07-01,3.3320498770843825
Japan,2024,Jul,1114.0,22854.0,2024.0,7.0,2024-07-01,3.29946983384178
Italy,2024,Jul,450.0,14472.0,2024.0,7.0,2024-07-01,1.3328199508337528
South Korea,2024,Jul,1537.0,27068.0,2024.0,7.0,2024-07-01,4.552320587625507
Australia,2024,Jul,1901.0,43978.0,2024.0,7.0,2024-07-01,5.630423836744365
UK,2024,Jul,3806.0,54765.0,2024.0,7.0,2024-07-01,11.272694961940585
Thailand,2024,Jul,740.0,30746.0,2024.0,7.0,2024-07-01,2.1917483635932826
Spain,2024,Jul,875.0,13968.0,2024.0,7.0,2024-07-01,2.5915943488434086
Myanmar,2024,Jul,110.0,12910.0,2024.0,7.0,2024-07-01,0.3258004324260285
Sri Lanka,2024,Jul,694.0,30227.0,2024.0,7.0,2024-07-01,2.0555045463969432
Netherlands,2024,Jul,675.0,11391.0,2024.0,7.0,2024-07-01,1.9992299262506292
Sri Lanka,2024,Aug,4851.0,30227.0,2024.0,8.0,2024-08-01,13.457430576747026
Myanmar,2024,Aug,152.0,12910.0,2024.0,8.0,2024-08-01,0.42167170638333284
USA,2024,Aug,5614.0,111217.0,2024.0,8.0,2024-08-01,15.574111576552834
Thailand,2024,Aug,436.0,30746.0,2024.0,8.0,2024-08-01,1.2095319998890337
South Korea,2024,Aug,1602.0,27068.0,2024.0,8.0,2024-08-01,4.444197852803285
Netherlands,2024,Aug,500.0,11391.0,2024.0,8.0,2024-08-01,1.3870779815241212
China,2024,Aug,6614.0,101874.0,2024.0,8.0,2024-08-01,18.348267539601075
Canada,2024,Aug,753.0,16073.0,2024.0,8.0,2024-08-01,2.0889394401753267
Australia,2024,Aug,1763.0,43978.0,2024.0,8.0,2024-08-01,4.890836962854052
Spain,2024,Aug,1580.0,13968.0,2024.0,8.0,2024-08-01,4.383166421616223
Italy,2024,Aug,1615.0,14472.0,2024.0,8.0,2024-08-01,4.480261880322912
Japan,2024,Aug,1881.0,22854.0,2024.0,8.0,2024-08-01,5.218187366493744
France,2024,Aug,711.0,25118.0,2024.0,8.0,2024-08-01,1.9724248897273005
Germany,2024,Aug,849.0,29799.0,2024.0,8.0,2024-08-01,2.3552584126279577
UK,2024,Aug,2764.0,54765.0,2024.0,8.0,2024-08-01,7.6677670818653425
Malaysia,2024,Aug,1285.0,20953.0,2024.0,8.0,2024-08-01,3.5647904125169916
Bangladesh,2024,Aug,3077.0,48849.0,2024.0,8.0,2024-08-01,8.536077898299443
Japan,2024,Sep,1887.0,22854.0,2024.0,9.0,2024-09-01,3.5390097524381097
Germany,2024,Sep,2704.0,29799.0,2024.0,9.0,2024-09-01,5.071267816954238
UK,2024,Sep,4493.0,54765.0,2024.0,9.0,2024-09-01,8.426481620405102
USA,2024,Sep,10084.0,111217.0,2024.0,9.0,2024-09-01,18.912228057014254
Sri Lanka,2024,Sep,4915.0,30227.0,2024.0,9.0,2024-09-01,9.217929482370593
Thailand,2024,Sep,780.0,30746.0,2024.0,9.0,2024-09-01,1.4628657164291075
South Korea,2024,Sep,2351.0,27068.0,2024.0,9.0,2024-09-01,4.409227306826707
Spain,2024,Sep,1380.0,13968.0,2024.0,9.0,2024-09-01,2.5881470367591897
Malaysia,2024,Sep,2280.0,20953.0,2024.0,9.0,2024-09-01,4.276069017254313
China,2024,Sep,8042.0,101874.0,2024.0,9.0,2024-09-01,15.08252063015754
Bangladesh,2024,Sep,4103.0,48849.0,2024.0,9.0,2024-09-01,7.695048762190547
Canada,2024,Sep,1465.0,16073.0,2024.0,9.0,2024-09-01,2.7475618904726185
Italy,2024,Sep,971.0,14472.0,2024.0,9.0,2024-09-01,1.8210802700675168
Netherlands,2024,Sep,870.0,11391.0,2024.0,9.0,2024-09-01,1.6316579144786199
Australia,2024,Sep,5036.0,43978.0,2024.0,9.0,2024-09-01,9.444861215303826
Myanmar,2024,Sep,160.0,12910.0,2024.0,9.0,2024-09-01,0.30007501875468867
France,2024,Sep,1799.0,25118.0,2024.0,9.0,2024-09-01,3.373968492123031
Italy,2024,Oct,2635.0,14472.0,2024.0,10.0,2024-10-01,3.40954673084637
UK,2024,Oct,8017.0,54765.0,2024.0,10.0,2024-10-01,10.373562102920435
Sri Lanka,2024,Oct,3125.0,30227.0,2024.0,10.0,2024-10-01,4.04358008876467
Netherlands,2024,Oct,2166.0,11391.0,2024.0,10.0,2024-10-01,2.802686231124568
Canada,2024,Oct,2464.0,16073.0,2024.0,10.0,2024-10-01,3.1882820283891675
Germany,2024,Oct,6017.0,29799.0,2024.0,10.0,2024-10-01,7.785670846111047
Australia,2024,Oct,6929.0,43978.0,2024.0,10.0,2024-10-01,8.965749259216128
USA,2024,Oct,16024.0,111217.0,2024.0,10.0,2024-10-01,20.734184749556825
Japan,2024,Oct,2196.0,22854.0,2024.0,10.0,2024-10-01,2.841504599976709
Thailand,2024,Oct,2203.0,30746.0,2024.0,10.0,2024-10-01,2.8505622193755418
South Korea,2024,Oct,2442.0,27068.0,2024.0,10.0,2024-10-01,3.1598152245642637
Malaysia,2024,Oct,2278.0,20953.0,2024.0,10.0,2024-10-01,2.947608141505894
Bangladesh,2024,Oct,4477.0,48849.0,2024.0,10.0,2024-10-01,5.792994578367817
France,2024,Oct,5485.0,25118.0,2024.0,10.0,2024-10-01,7.097291771799749
Myanmar,2024,Oct,698.0,12910.0,2024.0,10.0,2024-10-01,0.9031740486264768
Spain,2024,Oct,2380.0,13968.0,2024.0,10.0,2024-10-01,3.0795905956031726
China,2024,Oct,7747.0,101874.0,2024.0,10.0,2024-10-01,10.024196783251167
Australia,2024,Nov,4829.0,43978.0,2024.0,11.0,2024-11-01,6.843723870126557
Bangladesh,2024,Nov,5148.0,48849.0,2024.0,11.0,2024-11-01,7.295814968608721
Netherlands,2024,Nov,1397.0,11391.0,2024.0,11.0,2024-11-01,1.9798472243874095
UK,2024,Nov,6610.0,54765.0,2024.0,11.0,2024-11-01,9.367781068862403
Canada,2024,Nov,1984.0,16073.0,2024.0,11.0,2024-11-01,2.8117515341335864
Japan,2024,Nov,2699.0,22854.0,2024.0,11.0,2024-11-01,3.825059168662576
South Korea,2024,Nov,3288.0,27068.0,2024.0,11.0,2024-11-01,4.659797905358484
Italy,2024,Nov,1968.0,14472.0,2024.0,11.0,2024-11-01,2.789076118535735
Malaysia,2024,Nov,2126.0,20953.0,2024.0,11.0,2024-11-01,3.0129958475645187
Germany,2024,Nov,3926.0,29799.0,2024.0,11.0,2024-11-01,5.563980102322813
Thailand,2024,Nov,4462.0,30746.0,2024.0,11.0,2024-11-01,6.323606524850839
France,2024,Nov,3840.0,25118.0,2024.0,11.0,2024-11-01,5.442099743484361
China,2024,Nov,9459.0,101874.0,2024.0,11.0,2024-11-01,13.405422258754838
Sri Lanka,2024,Nov,4396.0,30227.0,2024.0,11.0,2024-11-01,6.230070435509701
USA,2024,Nov,10980.0,111217.0,2024.0,11.0,2024-11-01,15.561003954025596
Spain,2024,Nov,1902.0,13968.0,2024.0,11.0,2024-11-01,2.6955400291945977
Myanmar,2024,Nov,1547.0,12910.0,2024.0,11.0,2024-11-01,2.1924292456172676
Spain,2024,Dec,725.0,13968.0,2024.0,12.0,2024-12-01,1.419064396163633
Thailand,2024,Dec,5263.0,30746.0,2024.0,12.0,2024-12-01,10.301428851047172
South Korea,2024,Dec,2568.0,27068.0,2024.0,12.0,2024-12-01,5.026423957721668
Sri Lanka,2024,Dec,626.0,30227.0,2024.0,12.0,2024-12-01,1.2252887062047368
Myanmar,2024,Dec,1509.0,12910.0,2024.0,12.0,2024-12-01,2.953611274221961
Canada,2024,Dec,948.0,16073.0,2024.0,12.0,2024-12-01,1.8555490311215501
Australia,2024,Dec,4885.0,43978.0,2024.0,12.0,2024-12-01,9.561558034840479
Netherlands,2024,Dec,491.0,11391.0,2024.0,12.0,2024-12-01,0.9610491289880603
UK,2024,Dec,3824.0,54765.0,2024.0,12.0,2024-12-01,7.48483069093756
Italy,2024,Dec,1021.0,14472.0,2024.0,12.0,2024-12-01,1.9984341358387159
Germany,2024,Dec,1339.0,29799.0,2024.0,12.0,2024-12-01,2.6208651399491094
France,2024,Dec,938.0,25118.0,2024.0,12.0,2024-12-01,1.8359757291055
China,2024,Dec,9031.0,101874.0,2024.0,12.0,2024-12-01,17.676649050694852
Bangladesh,2024,Dec,6582.0,48849.0,2024.0,12.0,2024-12-01,12.88314738696418
USA,2024,Dec,6996.0,111217.0,2024.0,12.0,2024-12-01,13.693482090428654
Malaysia,2024,Dec,1769.0,20953.0,2024.0,12.0,2024-12-01,3.462517126639264
Japan,2024,Dec,2575.0,22854.0,2024.0,12.0,2024-12-01,5.040125269132903
